id,tableId,appId,groupId,priority,timeout,isPermanent,deviceId,state,life,packets,bytes,liveType,lastSeen,treatment,selector
48976646595394501,0,org.onosproject.fwd,0,10,10,False,of:000000000000000c,ADDED,1017765,22660487643,994401006520606,UNKNOWN,1721044110367,"{'instructions': [{'type': 'OUTPUT', 'port': '1'}], 'deferred': []}","{'criteria': [{'type': 'IN_PORT', 'port': 2}, {'type': 'ETH_DST', 'mac': '86:D2:30:F0:AC:53'}, {'type': 'ETH_SRC', 'mac': '9E:5F:10:59:C1:E8'}]}"
281477504901495,0,org.onosproject.core,0,40000,0,True,of:000000000000000c,ADDED,1026700,122353,5138826,UNKNOWN,1721044110367,"{'instructions': [{'type': 'OUTPUT', 'port': 'CONTROLLER'}], 'clearDeferred': True, 'deferred': []}","{'criteria': [{'type': 'ETH_TYPE', 'ethType': '0x806'}]}"
48976647868891550,0,org.onosproject.fwd,0,10,10,False,of:000000000000000c,ADDED,1025500,22391595671,1477845388586,UNKNOWN,1721044110367,"{'instructions': [{'type': 'OUTPUT', 'port': '2'}], 'deferred': []}","{'criteria': [{'type': 'IN_PORT', 'port': 1}, {'type': 'ETH_DST', 'mac': '9E:5F:10:59:C1:E8'}, {'type': 'ETH_SRC', 'mac': '86:D2:30:F0:AC:53'}]}"
281479100460205,0,org.onosproject.core,0,40000,0,True,of:000000000000000c,ADDED,1026700,331191,46035549,UNKNOWN,1721044110367,"{'instructions': [{'type': 'OUTPUT', 'port': 'CONTROLLER'}], 'clearDeferred': True, 'deferred': []}","{'criteria': [{'type': 'ETH_TYPE', 'ethType': '0x88cc'}]}"
281475624796078,0,org.onosproject.core,0,40000,0,True,of:000000000000000c,ADDED,1026700,331191,46035549,UNKNOWN,1721044110367,"{'instructions': [{'type': 'OUTPUT', 'port': 'CONTROLLER'}], 'clearDeferred': True, 'deferred': []}","{'criteria': [{'type': 'ETH_TYPE', 'ethType': '0x8942'}]}"
48976649845181642,0,org.onosproject.fwd,0,10,10,False,of:000000000000000c,ADDED,1017740,21084661693,1391587724218,UNKNOWN,1721044110367,"{'instructions': [{'type': 'OUTPUT', 'port': '1'}], 'deferred': []}","{'criteria': [{'type': 'IN_PORT', 'port': 3}, {'type': 'ETH_DST', 'mac': 'EE:84:7E:2D:3E:77'}, {'type': 'ETH_SRC', 'mac': 'E6:63:BC:8D:F0:97'}]}"
281476292687096,0,org.onosproject.core,0,5,0,True,of:000000000000000c,ADDED,1026700,6418,12808716,UNKNOWN,1721044110367,"{'instructions': [{'type': 'OUTPUT', 'port': 'CONTROLLER'}], 'clearDeferred': True, 'deferred': []}","{'criteria': [{'type': 'ETH_TYPE', 'ethType': '0x800'}]}"
48976646619909803,0,org.onosproject.fwd,0,10,10,False,of:000000000000000c,ADDED,1025585,21644776563,949777967732058,UNKNOWN,1721044110367,"{'instructions': [{'type': 'OUTPUT', 'port': '3'}], 'deferred': []}","{'criteria': [{'type': 'IN_PORT', 'port': 1}, {'type': 'ETH_DST', 'mac': 'E6:63:BC:8D:F0:97'}, {'type': 'ETH_SRC', 'mac': 'EE:84:7E:2D:3E:77'}]}"
281476618808057,0,org.onosproject.core,0,40000,0,True,of:000000000000000d,ADDED,1026700,122409,5141178,UNKNOWN,1721044110366,"{'instructions': [{'type': 'OUTPUT', 'port': 'CONTROLLER'}], 'clearDeferred': True, 'deferred': []}","{'criteria': [{'type': 'ETH_TYPE', 'ethType': '0x806'}]}"
48976646466980368,0,org.onosproject.fwd,0,10,10,False,of:000000000000000d,ADDED,1017733,22108041071,1459130759926,UNKNOWN,1721044110366,"{'instructions': [{'type': 'OUTPUT', 'port': '1'}], 'deferred': []}","{'criteria': [{'type': 'IN_PORT', 'port': 3}, {'type': 'ETH_DST', 'mac': '76:0D:5F:32:84:45'}, {'type': 'ETH_SRC', 'mac': '6E:D2:0F:A9:3B:95'}]}"
281478012698825,0,org.onosproject.core,0,40000,0,True,of:000000000000000d,ADDED,1026700,331191,46035549,UNKNOWN,1721044110366,"{'instructions': [{'type': 'OUTPUT', 'port': 'CONTROLLER'}], 'clearDeferred': True, 'deferred': []}","{'criteria': [{'type': 'ETH_TYPE', 'ethType': '0x8942'}]}"
281478200287907,0,org.onosproject.core,0,40000,0,True,of:000000000000000d,ADDED,1026700,331191,46035549,UNKNOWN,1721044110366,"{'instructions': [{'type': 'OUTPUT', 'port': 'CONTROLLER'}], 'clearDeferred': True, 'deferred': []}","{'criteria': [{'type': 'ETH_TYPE', 'ethType': '0x88cc'}]}"
281478788468154,0,org.onosproject.core,0,5,0,True,of:000000000000000d,ADDED,1026700,6571,17239506,UNKNOWN,1721044110366,"{'instructions': [{'type': 'OUTPUT', 'port': 'CONTROLLER'}], 'clearDeferred': True, 'deferred': []}","{'criteria': [{'type': 'ETH_TYPE', 'ethType': '0x800'}]}"
48976647167508539,0,org.onosproject.fwd,0,10,10,False,of:000000000000000d,ADDED,1025960,22722708308,996977850774692,UNKNOWN,1721044110366,"{'instructions': [{'type': 'OUTPUT', 'port': '3'}], 'deferred': []}","{'criteria': [{'type': 'IN_PORT', 'port': 1}, {'type': 'ETH_DST', 'mac': '6E:D2:0F:A9:3B:95'}, {'type': 'ETH_SRC', 'mac': '76:0D:5F:32:84:45'}]}"
48976649901863067,0,org.onosproject.fwd,0,10,10,False,of:000000000000000d,ADDED,1025484,21140956729,1395303229378,UNKNOWN,1721044110366,"{'instructions': [{'type': 'OUTPUT', 'port': '2'}], 'deferred': []}","{'criteria': [{'type': 'IN_PORT', 'port': 1}, {'type': 'ETH_DST', 'mac': 'C6:7E:3A:75:14:E0'}, {'type': 'ETH_SRC', 'mac': '42:80:23:53:79:6A'}]}"
48976649975624623,0,org.onosproject.fwd,0,10,10,False,of:000000000000000d,ADDED,1017768,21338442956,935889111388512,UNKNOWN,1721044110366,"{'instructions': [{'type': 'OUTPUT', 'port': '1'}], 'deferred': []}","{'criteria': [{'type': 'IN_PORT', 'port': 2}, {'type': 'ETH_DST', 'mac': '42:80:23:53:79:6A'}, {'type': 'ETH_SRC', 'mac': 'C6:7E:3A:75:14:E0'}]}"
281477705784245,0,org.onosproject.core,0,5,0,True,of:000000000000000a,ADDED,1026700,10289,99227422,UNKNOWN,1721044110253,"{'instructions': [{'type': 'OUTPUT', 'port': 'CONTROLLER'}], 'clearDeferred': True, 'deferred': []}","{'criteria': [{'type': 'ETH_TYPE', 'ethType': '0x800'}]}"
48976649410996031,0,org.onosproject.fwd,0,10,10,False,of:000000000000000a,ADDED,1017723,23829907236,1046356166577504,UNKNOWN,1721044110253,"{'instructions': [{'type': 'OUTPUT', 'port': '1'}], 'deferred': []}","{'criteria': [{'type': 'IN_PORT', 'port': 2}, {'type': 'ETH_DST', 'mac': '0E:EE:17:FD:72:37'}, {'type': 'ETH_SRC', 'mac': '4E:94:B0:9C:B2:4A'}]}"
281475818964416,0,org.onosproject.core,0,40000,0,True,of:000000000000000a,ADDED,1026700,331192,46035688,UNKNOWN,1721044110253,"{'instructions': [{'type': 'OUTPUT', 'port': 'CONTROLLER'}], 'clearDeferred': True, 'deferred': []}","{'criteria': [{'type': 'ETH_TYPE', 'ethType': '0x8942'}]}"
48976648792771045,0,org.onosproject.fwd,0,10,10,False,of:000000000000000a,ADDED,1017723,23309582282,1538432490448,UNKNOWN,1721044110253,"{'instructions': [{'type': 'OUTPUT', 'port': '2'}], 'deferred': []}","{'criteria': [{'type': 'IN_PORT', 'port': 1}, {'type': 'ETH_DST', 'mac': '4E:94:B0:9C:B2:4A'}, {'type': 'ETH_SRC', 'mac': '0E:EE:17:FD:72:37'}]}"
48976649057112242,0,org.onosproject.fwd,0,10,10,False,of:000000000000000a,ADDED,1017740,23342165877,1540582994782,UNKNOWN,1721044110253,"{'instructions': [{'type': 'OUTPUT', 'port': '1'}], 'deferred': []}","{'criteria': [{'type': 'IN_PORT', 'port': 3}, {'type': 'ETH_DST', 'mac': '3E:87:C3:2D:C4:01'}, {'type': 'ETH_SRC', 'mac': 'F2:33:E3:A3:AA:A0'}]}"
281477034268888,0,org.onosproject.core,0,40000,0,True,of:000000000000000a,ADDED,1026700,331192,46035688,UNKNOWN,1721044110253,"{'instructions': [{'type': 'OUTPUT', 'port': 'CONTROLLER'}], 'clearDeferred': True, 'deferred': []}","{'criteria': [{'type': 'ETH_TYPE', 'ethType': '0x88cc'}]}"
48976649568830621,0,org.onosproject.fwd,0,10,10,False,of:000000000000000a,ADDED,1025992,24096970812,1058316668205652,UNKNOWN,1721044110253,"{'instructions': [{'type': 'OUTPUT', 'port': '3'}], 'deferred': []}","{'criteria': [{'type': 'IN_PORT', 'port': 1}, {'type': 'ETH_DST', 'mac': 'F2:33:E3:A3:AA:A0'}, {'type': 'ETH_SRC', 'mac': '3E:87:C3:2D:C4:01'}]}"
48976646947907069,0,org.onosproject.fwd,0,10,10,False,of:000000000000000a,ADDED,1017706,23300256636,1537816988608,UNKNOWN,1721044110253,"{'instructions': [{'type': 'OUTPUT', 'port': '2'}], 'deferred': []}","{'criteria': [{'type': 'IN_PORT', 'port': 1}, {'type': 'ETH_DST', 'mac': '4E:94:B0:9C:B2:4A'}, {'type': 'ETH_SRC', 'mac': '62:91:09:33:42:56'}]}"
281478593105785,0,org.onosproject.core,0,40000,0,True,of:000000000000000a,ADDED,1026700,182228,7653576,UNKNOWN,1721044110253,"{'instructions': [{'type': 'OUTPUT', 'port': 'CONTROLLER'}], 'clearDeferred': True, 'deferred': []}","{'criteria': [{'type': 'ETH_TYPE', 'ethType': '0x806'}]}"
48976647450222073,0,org.onosproject.fwd,0,10,10,False,of:000000000000000a,ADDED,1017706,23806765637,1045151086908122,UNKNOWN,1721044110253,"{'instructions': [{'type': 'OUTPUT', 'port': '1'}], 'deferred': []}","{'criteria': [{'type': 'IN_PORT', 'port': 2}, {'type': 'ETH_DST', 'mac': '62:91:09:33:42:56'}, {'type': 'ETH_SRC', 'mac': '4E:94:B0:9C:B2:4A'}]}"
48976649805389623,0,org.onosproject.fwd,0,10,10,False,of:000000000000000b,ADDED,1017759,24760022734,1634161547224,UNKNOWN,1721044110449,"{'instructions': [{'type': 'OUTPUT', 'port': '1'}], 'deferred': []}","{'criteria': [{'type': 'IN_PORT', 'port': 3}, {'type': 'ETH_DST', 'mac': 'EE:84:7E:2D:3E:77'}, {'type': 'ETH_SRC', 'mac': 'D2:26:1F:37:09:A9'}]}"
281476663695951,0,org.onosproject.core,0,40000,0,True,of:000000000000000b,ADDED,1026700,121905,5120010,UNKNOWN,1721044110449,"{'instructions': [{'type': 'OUTPUT', 'port': 'CONTROLLER'}], 'clearDeferred': True, 'deferred': []}","{'criteria': [{'type': 'ETH_TYPE', 'ethType': '0x806'}]}"
281476205675487,0,org.onosproject.core,0,40000,0,True,of:000000000000000b,ADDED,1026700,331191,46035549,UNKNOWN,1721044110449,"{'instructions': [{'type': 'OUTPUT', 'port': 'CONTROLLER'}], 'clearDeferred': True, 'deferred': []}","{'criteria': [{'type': 'ETH_TYPE', 'ethType': '0x8942'}]}"
48976647246255654,0,org.onosproject.fwd,0,10,10,False,of:000000000000000b,ADDED,1025574,25627128871,1126336813309650,UNKNOWN,1721044110449,"{'instructions': [{'type': 'OUTPUT', 'port': '3'}], 'deferred': []}","{'criteria': [{'type': 'IN_PORT', 'port': 1}, {'type': 'ETH_DST', 'mac': 'D2:26:1F:37:09:A9'}, {'type': 'ETH_SRC', 'mac': 'EE:84:7E:2D:3E:77'}]}"
281476573370203,0,org.onosproject.core,0,40000,0,True,of:000000000000000b,ADDED,1026700,331191,46035549,UNKNOWN,1721044110449,"{'instructions': [{'type': 'OUTPUT', 'port': 'CONTROLLER'}], 'clearDeferred': True, 'deferred': []}","{'criteria': [{'type': 'ETH_TYPE', 'ethType': '0x88cc'}]}"
48976647243862714,0,org.onosproject.fwd,0,10,10,False,of:000000000000000b,ADDED,1017729,20389717214,894820025275628,UNKNOWN,1721044110449,"{'instructions': [{'type': 'OUTPUT', 'port': '1'}], 'deferred': []}","{'criteria': [{'type': 'IN_PORT', 'port': 2}, {'type': 'ETH_DST', 'mac': 'DE:FD:B2:11:A4:D0'}, {'type': 'ETH_SRC', 'mac': 'B2:09:47:B5:93:9C'}]}"
48976647333833932,0,org.onosproject.fwd,0,10,10,False,of:000000000000000b,ADDED,1017729,20012521363,1320826468870,UNKNOWN,1721044110449,"{'instructions': [{'type': 'OUTPUT', 'port': '2'}], 'deferred': []}","{'criteria': [{'type': 'IN_PORT', 'port': 1}, {'type': 'ETH_DST', 'mac': 'B2:09:47:B5:93:9C'}, {'type': 'ETH_SRC', 'mac': 'DE:FD:B2:11:A4:D0'}]}"
281478277078534,0,org.onosproject.core,0,5,0,True,of:000000000000000b,ADDED,1026700,8561,10830770,UNKNOWN,1721044110449,"{'instructions': [{'type': 'OUTPUT', 'port': 'CONTROLLER'}], 'clearDeferred': True, 'deferred': []}","{'criteria': [{'type': 'ETH_TYPE', 'ethType': '0x800'}]}"
281475534880843,0,org.onosproject.core,0,40000,0,True,of:000000000000000e,ADDED,1026700,2408,101136,UNKNOWN,1721044110306,"{'instructions': [{'type': 'OUTPUT', 'port': 'CONTROLLER'}], 'clearDeferred': True, 'deferred': []}","{'criteria': [{'type': 'ETH_TYPE', 'ethType': '0x806'}]}"
281475492028313,0,org.onosproject.core,0,40000,0,True,of:000000000000000e,ADDED,1026700,331191,46035549,UNKNOWN,1721044110306,"{'instructions': [{'type': 'OUTPUT', 'port': 'CONTROLLER'}], 'clearDeferred': True, 'deferred': []}","{'criteria': [{'type': 'ETH_TYPE', 'ethType': '0x88cc'}]}"
281478402973641,0,org.onosproject.core,0,40000,0,True,of:000000000000000e,ADDED,1026700,331191,46035549,UNKNOWN,1721044110306,"{'instructions': [{'type': 'OUTPUT', 'port': 'CONTROLLER'}], 'clearDeferred': True, 'deferred': []}","{'criteria': [{'type': 'ETH_TYPE', 'ethType': '0x8942'}]}"
281479223636081,0,org.onosproject.core,0,5,0,True,of:000000000000000e,ADDED,1026700,6005,2547522,UNKNOWN,1721044110306,"{'instructions': [{'type': 'OUTPUT', 'port': 'CONTROLLER'}], 'clearDeferred': True, 'deferred': []}","{'criteria': [{'type': 'ETH_TYPE', 'ethType': '0x800'}]}"
48976648047187118,0,org.onosproject.fwd,0,10,10,False,of:000000000000000f,ADDED,1025451,22331378197,1473871025930,UNKNOWN,1721044110305,"{'instructions': [{'type': 'OUTPUT', 'port': '3'}], 'deferred': []}","{'criteria': [{'type': 'IN_PORT', 'port': 1}, {'type': 'ETH_DST', 'mac': 'DE:FD:B2:11:A4:D0'}, {'type': 'ETH_SRC', 'mac': '3E:EB:5D:BE:02:2F'}]}"
281476162487044,0,org.onosproject.core,0,40000,0,True,of:000000000000000f,ADDED,1026700,121509,5103378,UNKNOWN,1721044110305,"{'instructions': [{'type': 'OUTPUT', 'port': 'CONTROLLER'}], 'clearDeferred': True, 'deferred': []}","{'criteria': [{'type': 'ETH_TYPE', 'ethType': '0x806'}]}"
281478619323375,0,org.onosproject.core,0,40000,0,True,of:000000000000000f,ADDED,1026700,331191,46035549,UNKNOWN,1721044110305,"{'instructions': [{'type': 'OUTPUT', 'port': 'CONTROLLER'}], 'clearDeferred': True, 'deferred': []}","{'criteria': [{'type': 'ETH_TYPE', 'ethType': '0x88cc'}]}"
48976648118302800,0,org.onosproject.fwd,0,10,10,False,of:000000000000000f,ADDED,1017729,20389717217,894820025406898,UNKNOWN,1721044110305,"{'instructions': [{'type': 'OUTPUT', 'port': '3'}], 'deferred': []}","{'criteria': [{'type': 'IN_PORT', 'port': 1}, {'type': 'ETH_DST', 'mac': 'DE:FD:B2:11:A4:D0'}, {'type': 'ETH_SRC', 'mac': 'B2:09:47:B5:93:9C'}]}"
281477550077972,0,org.onosproject.core,0,5,0,True,of:000000000000000f,ADDED,1026700,6485,4144398,UNKNOWN,1721044110305,"{'instructions': [{'type': 'OUTPUT', 'port': 'CONTROLLER'}], 'clearDeferred': True, 'deferred': []}","{'criteria': [{'type': 'ETH_TYPE', 'ethType': '0x800'}]}"
281479243163245,0,org.onosproject.core,0,40000,0,True,of:000000000000000f,ADDED,1026700,331191,46035549,UNKNOWN,1721044110305,"{'instructions': [{'type': 'OUTPUT', 'port': 'CONTROLLER'}], 'clearDeferred': True, 'deferred': []}","{'criteria': [{'type': 'ETH_TYPE', 'ethType': '0x8942'}]}"
48976646223119309,0,org.onosproject.fwd,0,10,10,False,of:000000000000000f,ADDED,1017729,20012521362,1320826468804,UNKNOWN,1721044110305,"{'instructions': [{'type': 'OUTPUT', 'port': '1'}], 'deferred': []}","{'criteria': [{'type': 'IN_PORT', 'port': 3}, {'type': 'ETH_DST', 'mac': 'B2:09:47:B5:93:9C'}, {'type': 'ETH_SRC', 'mac': 'DE:FD:B2:11:A4:D0'}]}"
48976646006223926,0,org.onosproject.fwd,0,10,10,False,of:000000000000000f,ADDED,1017780,22615196020,992616947626936,UNKNOWN,1721044110305,"{'instructions': [{'type': 'OUTPUT', 'port': '1'}], 'deferred': []}","{'criteria': [{'type': 'IN_PORT', 'port': 3}, {'type': 'ETH_DST', 'mac': '3E:EB:5D:BE:02:2F'}, {'type': 'ETH_SRC', 'mac': 'DE:FD:B2:11:A4:D0'}]}"
281477989602451,0,org.onosproject.core,0,40000,0,True,of:0000000000000010,ADDED,1026699,2445,102690,UNKNOWN,1721044111052,"{'instructions': [{'type': 'OUTPUT', 'port': 'CONTROLLER'}], 'clearDeferred': True, 'deferred': []}","{'criteria': [{'type': 'ETH_TYPE', 'ethType': '0x806'}]}"
281475452063725,0,org.onosproject.core,0,5,0,True,of:0000000000000010,ADDED,1026699,5370,1222788,UNKNOWN,1721044111052,"{'instructions': [{'type': 'OUTPUT', 'port': 'CONTROLLER'}], 'clearDeferred': True, 'deferred': []}","{'criteria': [{'type': 'ETH_TYPE', 'ethType': '0x800'}]}"
281476824493323,0,org.onosproject.core,0,40000,0,True,of:0000000000000010,ADDED,1026699,331190,46035410,UNKNOWN,1721044111052,"{'instructions': [{'type': 'OUTPUT', 'port': 'CONTROLLER'}], 'clearDeferred': True, 'deferred': []}","{'criteria': [{'type': 'ETH_TYPE', 'ethType': '0x88cc'}]}"
281475990237152,0,org.onosproject.core,0,40000,0,True,of:0000000000000010,ADDED,1026699,331190,46035410,UNKNOWN,1721044111052,"{'instructions': [{'type': 'OUTPUT', 'port': 'CONTROLLER'}], 'clearDeferred': True, 'deferred': []}","{'criteria': [{'type': 'ETH_TYPE', 'ethType': '0x8942'}]}"
281476590404359,0,org.onosproject.core,0,40000,0,True,of:0000000000000011,ADDED,1026699,331191,46035549,UNKNOWN,1721044110696,"{'instructions': [{'type': 'OUTPUT', 'port': 'CONTROLLER'}], 'clearDeferred': True, 'deferred': []}","{'criteria': [{'type': 'ETH_TYPE', 'ethType': '0x88cc'}]}"
281478070165968,0,org.onosproject.core,0,5,0,True,of:0000000000000011,ADDED,1026699,5800,1264928,UNKNOWN,1721044110696,"{'instructions': [{'type': 'OUTPUT', 'port': 'CONTROLLER'}], 'clearDeferred': True, 'deferred': []}","{'criteria': [{'type': 'ETH_TYPE', 'ethType': '0x800'}]}"
281478208390418,0,org.onosproject.core,0,40000,0,True,of:0000000000000011,ADDED,1026699,331191,46035549,UNKNOWN,1721044110696,"{'instructions': [{'type': 'OUTPUT', 'port': 'CONTROLLER'}], 'clearDeferred': True, 'deferred': []}","{'criteria': [{'type': 'ETH_TYPE', 'ethType': '0x8942'}]}"
281475150780107,0,org.onosproject.core,0,40000,0,True,of:0000000000000011,ADDED,1026699,3077,129234,UNKNOWN,1721044110696,"{'instructions': [{'type': 'OUTPUT', 'port': 'CONTROLLER'}], 'clearDeferred': True, 'deferred': []}","{'criteria': [{'type': 'ETH_TYPE', 'ethType': '0x806'}]}"
281476527365973,0,org.onosproject.core,0,40000,0,True,of:0000000000000014,ADDED,1026699,331191,46035549,UNKNOWN,1721044110550,"{'instructions': [{'type': 'OUTPUT', 'port': 'CONTROLLER'}], 'clearDeferred': True, 'deferred': []}","{'criteria': [{'type': 'ETH_TYPE', 'ethType': '0x88cc'}]}"
281475223309178,0,org.onosproject.core,0,40000,0,True,of:0000000000000014,ADDED,1026699,331191,46035549,UNKNOWN,1721044110550,"{'instructions': [{'type': 'OUTPUT', 'port': 'CONTROLLER'}], 'clearDeferred': True, 'deferred': []}","{'criteria': [{'type': 'ETH_TYPE', 'ethType': '0x8942'}]}"
281477877977683,0,org.onosproject.core,0,5,0,True,of:0000000000000014,ADDED,1026699,5745,1248750,UNKNOWN,1721044110550,"{'instructions': [{'type': 'OUTPUT', 'port': 'CONTROLLER'}], 'clearDeferred': True, 'deferred': []}","{'criteria': [{'type': 'ETH_TYPE', 'ethType': '0x800'}]}"
48976649523487735,0,org.onosproject.fwd,0,10,10,False,of:0000000000000014,ADDED,1017741,19992428095,1319500304194,UNKNOWN,1721044110550,"{'instructions': [{'type': 'OUTPUT', 'port': '1'}], 'deferred': []}","{'criteria': [{'type': 'IN_PORT', 'port': 2}, {'type': 'ETH_DST', 'mac': '72:BF:6A:7E:B7:16'}, {'type': 'ETH_SRC', 'mac': 'F2:DE:97:D9:4A:FB'}]}"
48976648791934683,0,org.onosproject.fwd,0,10,10,False,of:0000000000000014,ADDED,1026007,20514321547,899873376331386,UNKNOWN,1721044110550,"{'instructions': [{'type': 'OUTPUT', 'port': '2'}], 'deferred': []}","{'criteria': [{'type': 'IN_PORT', 'port': 1}, {'type': 'ETH_DST', 'mac': 'F2:DE:97:D9:4A:FB'}, {'type': 'ETH_SRC', 'mac': '72:BF:6A:7E:B7:16'}]}"
281479162586440,0,org.onosproject.core,0,40000,0,True,of:0000000000000014,ADDED,1026699,62386,2620212,UNKNOWN,1721044110550,"{'instructions': [{'type': 'OUTPUT', 'port': 'CONTROLLER'}], 'clearDeferred': True, 'deferred': []}","{'criteria': [{'type': 'ETH_TYPE', 'ethType': '0x806'}]}"
281475117324629,0,org.onosproject.core,0,40000,0,True,of:0000000000000015,ADDED,1026700,331191,46035549,UNKNOWN,1721044110251,"{'instructions': [{'type': 'OUTPUT', 'port': 'CONTROLLER'}], 'clearDeferred': True, 'deferred': []}","{'criteria': [{'type': 'ETH_TYPE', 'ethType': '0x8942'}]}"
281475840271662,0,org.onosproject.core,0,40000,0,True,of:0000000000000015,ADDED,1026700,331191,46035549,UNKNOWN,1721044110251,"{'instructions': [{'type': 'OUTPUT', 'port': 'CONTROLLER'}], 'clearDeferred': True, 'deferred': []}","{'criteria': [{'type': 'ETH_TYPE', 'ethType': '0x88cc'}]}"
281475704108069,0,org.onosproject.core,0,5,0,True,of:0000000000000015,ADDED,1026700,3774,66425708,UNKNOWN,1721044110251,"{'instructions': [{'type': 'OUTPUT', 'port': 'CONTROLLER'}], 'clearDeferred': True, 'deferred': []}","{'criteria': [{'type': 'ETH_TYPE', 'ethType': '0x800'}]}"
281479059210865,0,org.onosproject.core,0,40000,0,True,of:0000000000000015,ADDED,1026700,122445,5142690,UNKNOWN,1721044110251,"{'instructions': [{'type': 'OUTPUT', 'port': 'CONTROLLER'}], 'clearDeferred': True, 'deferred': []}","{'criteria': [{'type': 'ETH_TYPE', 'ethType': '0x806'}]}"
48976646349787436,0,org.onosproject.fwd,0,10,10,False,of:0000000000000015,ADDED,1017723,23867522176,1047528252705120,UNKNOWN,1721044110251,"{'instructions': [{'type': 'OUTPUT', 'port': '3'}], 'deferred': []}","{'criteria': [{'type': 'IN_PORT', 'port': 1}, {'type': 'ETH_DST', 'mac': '8A:03:2F:AC:82:94'}, {'type': 'ETH_SRC', 'mac': 'EE:84:7E:2D:3E:77'}]}"
48976648625672607,0,org.onosproject.fwd,0,10,10,False,of:0000000000000015,ADDED,1026021,20139421445,1329201921502,UNKNOWN,1721044110251,"{'instructions': [{'type': 'OUTPUT', 'port': '2'}], 'deferred': []}","{'criteria': [{'type': 'IN_PORT', 'port': 1}, {'type': 'ETH_DST', 'mac': '56:E0:0E:FF:A8:BA'}, {'type': 'ETH_SRC', 'mac': 'D2:CE:A0:26:A9:A6'}]}"
48976649031487791,0,org.onosproject.fwd,0,10,10,False,of:0000000000000015,ADDED,1017723,23381376531,1543170900934,UNKNOWN,1721044110251,"{'instructions': [{'type': 'OUTPUT', 'port': '1'}], 'deferred': []}","{'criteria': [{'type': 'IN_PORT', 'port': 3}, {'type': 'ETH_DST', 'mac': 'EE:84:7E:2D:3E:77'}, {'type': 'ETH_SRC', 'mac': '8A:03:2F:AC:82:94'}]}"
48976648673783698,0,org.onosproject.fwd,0,10,10,False,of:0000000000000015,ADDED,1017745,20296829452,890260354959192,UNKNOWN,1721044110251,"{'instructions': [{'type': 'OUTPUT', 'port': '1'}], 'deferred': []}","{'criteria': [{'type': 'IN_PORT', 'port': 2}, {'type': 'ETH_DST', 'mac': 'D2:CE:A0:26:A9:A6'}, {'type': 'ETH_SRC', 'mac': '56:E0:0E:FF:A8:BA'}]}"
281478861190329,0,org.onosproject.core,0,40000,0,True,of:0000000000000012,ADDED,1026699,331191,46035549,UNKNOWN,1721044110484,"{'instructions': [{'type': 'OUTPUT', 'port': 'CONTROLLER'}], 'clearDeferred': True, 'deferred': []}","{'criteria': [{'type': 'ETH_TYPE', 'ethType': '0x88cc'}]}"
281476897123366,0,org.onosproject.core,0,5,0,True,of:0000000000000012,ADDED,1026699,5536,1234616,UNKNOWN,1721044110484,"{'instructions': [{'type': 'OUTPUT', 'port': 'CONTROLLER'}], 'clearDeferred': True, 'deferred': []}","{'criteria': [{'type': 'ETH_TYPE', 'ethType': '0x800'}]}"
281476245399851,0,org.onosproject.core,0,40000,0,True,of:0000000000000012,ADDED,1026699,331191,46035549,UNKNOWN,1721044110484,"{'instructions': [{'type': 'OUTPUT', 'port': 'CONTROLLER'}], 'clearDeferred': True, 'deferred': []}","{'criteria': [{'type': 'ETH_TYPE', 'ethType': '0x8942'}]}"
281479044310836,0,org.onosproject.core,0,40000,0,True,of:0000000000000012,ADDED,1026699,2444,102648,UNKNOWN,1721044110484,"{'instructions': [{'type': 'OUTPUT', 'port': 'CONTROLLER'}], 'clearDeferred': True, 'deferred': []}","{'criteria': [{'type': 'ETH_TYPE', 'ethType': '0x806'}]}"
281476561938424,0,org.onosproject.core,0,40000,0,True,of:0000000000000013,ADDED,1026699,331191,46035549,UNKNOWN,1721044110552,"{'instructions': [{'type': 'OUTPUT', 'port': 'CONTROLLER'}], 'clearDeferred': True, 'deferred': []}","{'criteria': [{'type': 'ETH_TYPE', 'ethType': '0x88cc'}]}"
281477862700812,0,org.onosproject.core,0,5,0,True,of:0000000000000013,ADDED,1026699,7536,1380852,UNKNOWN,1721044110552,"{'instructions': [{'type': 'OUTPUT', 'port': 'CONTROLLER'}], 'clearDeferred': True, 'deferred': []}","{'criteria': [{'type': 'ETH_TYPE', 'ethType': '0x800'}]}"
281478968414341,0,org.onosproject.core,0,40000,0,True,of:0000000000000013,ADDED,1026699,331191,46035549,UNKNOWN,1721044110552,"{'instructions': [{'type': 'OUTPUT', 'port': 'CONTROLLER'}], 'clearDeferred': True, 'deferred': []}","{'criteria': [{'type': 'ETH_TYPE', 'ethType': '0x8942'}]}"
281475270889989,0,org.onosproject.core,0,40000,0,True,of:0000000000000013,ADDED,1026699,63006,2646252,UNKNOWN,1721044110552,"{'instructions': [{'type': 'OUTPUT', 'port': 'CONTROLLER'}], 'clearDeferred': True, 'deferred': []}","{'criteria': [{'type': 'ETH_TYPE', 'ethType': '0x806'}]}"
48976649079560269,0,org.onosproject.fwd,0,10,10,False,of:0000000000000013,ADDED,1017740,19961093823,1317432246322,UNKNOWN,1721044110552,"{'instructions': [{'type': 'OUTPUT', 'port': '1'}], 'deferred': []}","{'criteria': [{'type': 'IN_PORT', 'port': 2}, {'type': 'ETH_DST', 'mac': '56:E0:0E:FF:A8:BA'}, {'type': 'ETH_SRC', 'mac': 'D2:CE:A0:26:A9:A6'}]}"
48976646550834313,0,org.onosproject.fwd,0,10,10,False,of:0000000000000013,ADDED,1026021,20482808693,898448340504586,UNKNOWN,1721044110552,"{'instructions': [{'type': 'OUTPUT', 'port': '2'}], 'deferred': []}","{'criteria': [{'type': 'IN_PORT', 'port': 1}, {'type': 'ETH_DST', 'mac': 'D2:CE:A0:26:A9:A6'}, {'type': 'ETH_SRC', 'mac': '56:E0:0E:FF:A8:BA'}]}"
281477274880654,0,org.onosproject.core,0,5,0,True,of:0000000000000018,ADDED,1026700,3763,61085902,UNKNOWN,1721044110393,"{'instructions': [{'type': 'OUTPUT', 'port': 'CONTROLLER'}], 'clearDeferred': True, 'deferred': []}","{'criteria': [{'type': 'ETH_TYPE', 'ethType': '0x800'}]}"
281478167349489,0,org.onosproject.core,0,40000,0,True,of:0000000000000018,ADDED,1026700,331191,46035549,UNKNOWN,1721044110393,"{'instructions': [{'type': 'OUTPUT', 'port': 'CONTROLLER'}], 'clearDeferred': True, 'deferred': []}","{'criteria': [{'type': 'ETH_TYPE', 'ethType': '0x8942'}]}"
281479230835604,0,org.onosproject.core,0,40000,0,True,of:0000000000000018,ADDED,1026700,122734,5154828,UNKNOWN,1721044110393,"{'instructions': [{'type': 'OUTPUT', 'port': 'CONTROLLER'}], 'clearDeferred': True, 'deferred': []}","{'criteria': [{'type': 'ETH_TYPE', 'ethType': '0x806'}]}"
48976647487873925,0,org.onosproject.fwd,0,10,10,False,of:0000000000000018,ADDED,1017751,23840253174,1047043280078332,UNKNOWN,1721044110393,"{'instructions': [{'type': 'OUTPUT', 'port': '1'}], 'deferred': []}","{'criteria': [{'type': 'IN_PORT', 'port': 2}, {'type': 'ETH_DST', 'mac': 'EE:52:9D:74:5F:2E'}, {'type': 'ETH_SRC', 'mac': '6E:DA:5A:12:17:DE'}]}"
281479084116011,0,org.onosproject.core,0,40000,0,True,of:0000000000000018,ADDED,1026700,331191,46035549,UNKNOWN,1721044110393,"{'instructions': [{'type': 'OUTPUT', 'port': 'CONTROLLER'}], 'clearDeferred': True, 'deferred': []}","{'criteria': [{'type': 'ETH_TYPE', 'ethType': '0x88cc'}]}"
48976646855374420,0,org.onosproject.fwd,0,10,10,False,of:0000000000000018,ADDED,1017741,23294955634,1537467123016,UNKNOWN,1721044110393,"{'instructions': [{'type': 'OUTPUT', 'port': '2'}], 'deferred': []}","{'criteria': [{'type': 'IN_PORT', 'port': 1}, {'type': 'ETH_DST', 'mac': '6E:DA:5A:12:17:DE'}, {'type': 'ETH_SRC', 'mac': 'EE:52:9D:74:5F:2E'}]}"
48976647645887232,0,org.onosproject.fwd,0,10,10,False,of:0000000000000018,ADDED,1017707,23300267480,1537817704312,UNKNOWN,1721044110393,"{'instructions': [{'type': 'OUTPUT', 'port': '1'}], 'deferred': []}","{'criteria': [{'type': 'IN_PORT', 'port': 3}, {'type': 'ETH_DST', 'mac': '4E:94:B0:9C:B2:4A'}, {'type': 'ETH_SRC', 'mac': '62:91:09:33:42:56'}]}"
48976647930635349,0,org.onosproject.fwd,0,10,10,False,of:0000000000000018,ADDED,1017707,23806776481,1045151561448354,UNKNOWN,1721044110393,"{'instructions': [{'type': 'OUTPUT', 'port': '3'}], 'deferred': []}","{'criteria': [{'type': 'IN_PORT', 'port': 1}, {'type': 'ETH_DST', 'mac': '62:91:09:33:42:56'}, {'type': 'ETH_SRC', 'mac': '4E:94:B0:9C:B2:4A'}]}"
281479207755895,0,org.onosproject.core,0,5,0,True,of:0000000000000019,ADDED,1026699,3741,43863086,UNKNOWN,1721044110567,"{'instructions': [{'type': 'OUTPUT', 'port': 'CONTROLLER'}], 'clearDeferred': True, 'deferred': []}","{'criteria': [{'type': 'ETH_TYPE', 'ethType': '0x800'}]}"
281478200278055,0,org.onosproject.core,0,40000,0,True,of:0000000000000019,ADDED,1026699,62394,2620548,UNKNOWN,1721044110567,"{'instructions': [{'type': 'OUTPUT', 'port': 'CONTROLLER'}], 'clearDeferred': True, 'deferred': []}","{'criteria': [{'type': 'ETH_TYPE', 'ethType': '0x806'}]}"
281476777783664,0,org.onosproject.core,0,40000,0,True,of:0000000000000019,ADDED,1026699,331191,46035549,UNKNOWN,1721044110567,"{'instructions': [{'type': 'OUTPUT', 'port': 'CONTROLLER'}], 'clearDeferred': True, 'deferred': []}","{'criteria': [{'type': 'ETH_TYPE', 'ethType': '0x8942'}]}"
48976648207196293,0,org.onosproject.fwd,0,10,10,False,of:0000000000000019,ADDED,1025960,22298614230,1471708692944,UNKNOWN,1721044110567,"{'instructions': [{'type': 'OUTPUT', 'port': '2'}], 'deferred': []}","{'criteria': [{'type': 'IN_PORT', 'port': 1}, {'type': 'ETH_DST', 'mac': '76:0D:5F:32:84:45'}, {'type': 'ETH_SRC', 'mac': '6E:D2:0F:A9:3B:95'}]}"
48976647578647046,0,org.onosproject.fwd,0,10,10,False,of:0000000000000019,ADDED,1017741,22522786826,988159190771812,UNKNOWN,1721044110567,"{'instructions': [{'type': 'OUTPUT', 'port': '1'}], 'deferred': []}","{'criteria': [{'type': 'IN_PORT', 'port': 2}, {'type': 'ETH_DST', 'mac': '6E:D2:0F:A9:3B:95'}, {'type': 'ETH_SRC', 'mac': '76:0D:5F:32:84:45'}]}"
281475250012722,0,org.onosproject.core,0,40000,0,True,of:0000000000000019,ADDED,1026699,331191,46035549,UNKNOWN,1721044110567,"{'instructions': [{'type': 'OUTPUT', 'port': 'CONTROLLER'}], 'clearDeferred': True, 'deferred': []}","{'criteria': [{'type': 'ETH_TYPE', 'ethType': '0x88cc'}]}"
48976647197161006,0,org.onosproject.fwd,0,10,10,False,of:0000000000000016,ADDED,1026007,20169099826,1331160680876,UNKNOWN,1721044110368,"{'instructions': [{'type': 'OUTPUT', 'port': '2'}], 'deferred': []}","{'criteria': [{'type': 'IN_PORT', 'port': 1}, {'type': 'ETH_DST', 'mac': '72:BF:6A:7E:B7:16'}, {'type': 'ETH_SRC', 'mac': 'F2:DE:97:D9:4A:FB'}]}"
281475487000959,0,org.onosproject.core,0,5,0,True,of:0000000000000016,ADDED,1026700,3777,19616454,UNKNOWN,1721044110368,"{'instructions': [{'type': 'OUTPUT', 'port': 'CONTROLLER'}], 'clearDeferred': True, 'deferred': []}","{'criteria': [{'type': 'ETH_TYPE', 'ethType': '0x800'}]}"
48976649941840258,0,org.onosproject.fwd,0,10,10,False,of:0000000000000016,ADDED,1017717,23982840146,1054150445427068,UNKNOWN,1721044110368,"{'instructions': [{'type': 'OUTPUT', 'port': '3'}], 'deferred': []}","{'criteria': [{'type': 'IN_PORT', 'port': 1}, {'type': 'ETH_DST', 'mac': '86:68:8E:BA:19:1C'}, {'type': 'ETH_SRC', 'mac': 'EE:84:7E:2D:3E:77'}]}"
281478089159698,0,org.onosproject.core,0,40000,0,True,of:0000000000000016,ADDED,1026700,331191,46035549,UNKNOWN,1721044110368,"{'instructions': [{'type': 'OUTPUT', 'port': 'CONTROLLER'}], 'clearDeferred': True, 'deferred': []}","{'criteria': [{'type': 'ETH_TYPE', 'ethType': '0x8942'}]}"
48976648588740023,0,org.onosproject.fwd,0,10,10,False,of:0000000000000016,ADDED,1017735,20330694389,891789645981290,UNKNOWN,1721044110368,"{'instructions': [{'type': 'OUTPUT', 'port': '1'}], 'deferred': []}","{'criteria': [{'type': 'IN_PORT', 'port': 2}, {'type': 'ETH_DST', 'mac': 'F2:DE:97:D9:4A:FB'}, {'type': 'ETH_SRC', 'mac': '72:BF:6A:7E:B7:16'}]}"
48976647919854492,0,org.onosproject.fwd,0,10,10,False,of:0000000000000016,ADDED,1017717,23359312379,1541714670382,UNKNOWN,1721044110368,"{'instructions': [{'type': 'OUTPUT', 'port': '1'}], 'deferred': []}","{'criteria': [{'type': 'IN_PORT', 'port': 3}, {'type': 'ETH_DST', 'mac': 'EE:84:7E:2D:3E:77'}, {'type': 'ETH_SRC', 'mac': '86:68:8E:BA:19:1C'}]}"
281478830750892,0,org.onosproject.core,0,40000,0,True,of:0000000000000016,ADDED,1026700,123160,5172720,UNKNOWN,1721044110368,"{'instructions': [{'type': 'OUTPUT', 'port': 'CONTROLLER'}], 'clearDeferred': True, 'deferred': []}","{'criteria': [{'type': 'ETH_TYPE', 'ethType': '0x806'}]}"
281475927427600,0,org.onosproject.core,0,40000,0,True,of:0000000000000016,ADDED,1026700,331191,46035549,UNKNOWN,1721044110368,"{'instructions': [{'type': 'OUTPUT', 'port': 'CONTROLLER'}], 'clearDeferred': True, 'deferred': []}","{'criteria': [{'type': 'ETH_TYPE', 'ethType': '0x88cc'}]}"
281476355908397,0,org.onosproject.core,0,5,0,True,of:0000000000000017,ADDED,1026699,3157,38793966,UNKNOWN,1721044110626,"{'instructions': [{'type': 'OUTPUT', 'port': 'CONTROLLER'}], 'clearDeferred': True, 'deferred': []}","{'criteria': [{'type': 'ETH_TYPE', 'ethType': '0x800'}]}"
281477103634836,0,org.onosproject.core,0,40000,0,True,of:0000000000000017,ADDED,1026699,331191,46035549,UNKNOWN,1721044110626,"{'instructions': [{'type': 'OUTPUT', 'port': 'CONTROLLER'}], 'clearDeferred': True, 'deferred': []}","{'criteria': [{'type': 'ETH_TYPE', 'ethType': '0x8942'}]}"
48976647168660213,0,org.onosproject.fwd,0,10,10,False,of:0000000000000017,ADDED,1025992,23544339786,1553926524860,UNKNOWN,1721044110626,"{'instructions': [{'type': 'OUTPUT', 'port': '2'}], 'deferred': []}","{'criteria': [{'type': 'IN_PORT', 'port': 1}, {'type': 'ETH_DST', 'mac': '3E:87:C3:2D:C4:01'}, {'type': 'ETH_SRC', 'mac': 'F2:33:E3:A3:AA:A0'}]}"
48976646514082631,0,org.onosproject.fwd,0,10,10,False,of:0000000000000017,ADDED,1017754,23883379424,1048894373860752,UNKNOWN,1721044110626,"{'instructions': [{'type': 'OUTPUT', 'port': '1'}], 'deferred': []}","{'criteria': [{'type': 'IN_PORT', 'port': 2}, {'type': 'ETH_DST', 'mac': 'F2:33:E3:A3:AA:A0'}, {'type': 'ETH_SRC', 'mac': '3E:87:C3:2D:C4:01'}]}"
281478768210403,0,org.onosproject.core,0,40000,0,True,of:0000000000000017,ADDED,1026699,122472,5143824,UNKNOWN,1721044110626,"{'instructions': [{'type': 'OUTPUT', 'port': 'CONTROLLER'}], 'clearDeferred': True, 'deferred': []}","{'criteria': [{'type': 'ETH_TYPE', 'ethType': '0x806'}]}"
281476790595914,0,org.onosproject.core,0,40000,0,True,of:0000000000000017,ADDED,1026699,331191,46035549,UNKNOWN,1721044110626,"{'instructions': [{'type': 'OUTPUT', 'port': 'CONTROLLER'}], 'clearDeferred': True, 'deferred': []}","{'criteria': [{'type': 'ETH_TYPE', 'ethType': '0x88cc'}]}"
48976650098872724,0,org.onosproject.fwd,0,10,10,False,of:0000000000000017,ADDED,1017723,23309592616,1538433172492,UNKNOWN,1721044110626,"{'instructions': [{'type': 'OUTPUT', 'port': '1'}], 'deferred': []}","{'criteria': [{'type': 'IN_PORT', 'port': 3}, {'type': 'ETH_DST', 'mac': '4E:94:B0:9C:B2:4A'}, {'type': 'ETH_SRC', 'mac': '0E:EE:17:FD:72:37'}]}"
48976647187477062,0,org.onosproject.fwd,0,10,10,False,of:0000000000000017,ADDED,1017723,23829917566,1046356618605340,UNKNOWN,1721044110626,"{'instructions': [{'type': 'OUTPUT', 'port': '3'}], 'deferred': []}","{'criteria': [{'type': 'IN_PORT', 'port': 1}, {'type': 'ETH_DST', 'mac': '0E:EE:17:FD:72:37'}, {'type': 'ETH_SRC', 'mac': '4E:94:B0:9C:B2:4A'}]}"
281479026586570,0,org.onosproject.core,0,40000,0,True,of:000000000000001a,ADDED,1026699,331191,46035549,UNKNOWN,1721044110778,"{'instructions': [{'type': 'OUTPUT', 'port': 'CONTROLLER'}], 'clearDeferred': True, 'deferred': []}","{'criteria': [{'type': 'ETH_TYPE', 'ethType': '0x8942'}]}"
281477131397937,0,org.onosproject.core,0,40000,0,True,of:000000000000001a,ADDED,1026699,3105,130410,UNKNOWN,1721044110778,"{'instructions': [{'type': 'OUTPUT', 'port': 'CONTROLLER'}], 'clearDeferred': True, 'deferred': []}","{'criteria': [{'type': 'ETH_TYPE', 'ethType': '0x806'}]}"
281476642860420,0,org.onosproject.core,0,40000,0,True,of:000000000000001a,ADDED,1026699,331191,46035549,UNKNOWN,1721044110778,"{'instructions': [{'type': 'OUTPUT', 'port': 'CONTROLLER'}], 'clearDeferred': True, 'deferred': []}","{'criteria': [{'type': 'ETH_TYPE', 'ethType': '0x88cc'}]}"
281476953913582,0,org.onosproject.core,0,5,0,True,of:000000000000001a,ADDED,1026699,5145,1221302,UNKNOWN,1721044110778,"{'instructions': [{'type': 'OUTPUT', 'port': 'CONTROLLER'}], 'clearDeferred': True, 'deferred': []}","{'criteria': [{'type': 'ETH_TYPE', 'ethType': '0x800'}]}"
281476918685324,0,org.onosproject.core,0,5,0,True,of:000000000000001d,ADDED,1026699,5145,1221302,UNKNOWN,1721044110915,"{'instructions': [{'type': 'OUTPUT', 'port': 'CONTROLLER'}], 'clearDeferred': True, 'deferred': []}","{'criteria': [{'type': 'ETH_TYPE', 'ethType': '0x800'}]}"
281478830341908,0,org.onosproject.core,0,40000,0,True,of:000000000000001d,ADDED,1026699,331191,46035549,UNKNOWN,1721044110915,"{'instructions': [{'type': 'OUTPUT', 'port': 'CONTROLLER'}], 'clearDeferred': True, 'deferred': []}","{'criteria': [{'type': 'ETH_TYPE', 'ethType': '0x88cc'}]}"
281479097358608,0,org.onosproject.core,0,40000,0,True,of:000000000000001d,ADDED,1026699,331191,46035549,UNKNOWN,1721044110915,"{'instructions': [{'type': 'OUTPUT', 'port': 'CONTROLLER'}], 'clearDeferred': True, 'deferred': []}","{'criteria': [{'type': 'ETH_TYPE', 'ethType': '0x8942'}]}"
281477978640941,0,org.onosproject.core,0,40000,0,True,of:000000000000001d,ADDED,1026699,3073,129066,UNKNOWN,1721044110915,"{'instructions': [{'type': 'OUTPUT', 'port': 'CONTROLLER'}], 'clearDeferred': True, 'deferred': []}","{'criteria': [{'type': 'ETH_TYPE', 'ethType': '0x806'}]}"
281477631819530,0,org.onosproject.core,0,5,0,True,of:000000000000001e,ADDED,1026699,5143,1221106,UNKNOWN,1721044110462,"{'instructions': [{'type': 'OUTPUT', 'port': 'CONTROLLER'}], 'clearDeferred': True, 'deferred': []}","{'criteria': [{'type': 'ETH_TYPE', 'ethType': '0x800'}]}"
281477765243138,0,org.onosproject.core,0,40000,0,True,of:000000000000001e,ADDED,1026699,331191,46035549,UNKNOWN,1721044110462,"{'instructions': [{'type': 'OUTPUT', 'port': 'CONTROLLER'}], 'clearDeferred': True, 'deferred': []}","{'criteria': [{'type': 'ETH_TYPE', 'ethType': '0x88cc'}]}"
281477686953995,0,org.onosproject.core,0,40000,0,True,of:000000000000001e,ADDED,1026699,331191,46035549,UNKNOWN,1721044110462,"{'instructions': [{'type': 'OUTPUT', 'port': 'CONTROLLER'}], 'clearDeferred': True, 'deferred': []}","{'criteria': [{'type': 'ETH_TYPE', 'ethType': '0x8942'}]}"
281478294261333,0,org.onosproject.core,0,40000,0,True,of:000000000000001e,ADDED,1026699,3129,131418,UNKNOWN,1721044110462,"{'instructions': [{'type': 'OUTPUT', 'port': 'CONTROLLER'}], 'clearDeferred': True, 'deferred': []}","{'criteria': [{'type': 'ETH_TYPE', 'ethType': '0x806'}]}"
281478902367899,0,org.onosproject.core,0,5,0,True,of:000000000000001b,ADDED,1026700,5143,1221106,UNKNOWN,1721044110366,"{'instructions': [{'type': 'OUTPUT', 'port': 'CONTROLLER'}], 'clearDeferred': True, 'deferred': []}","{'criteria': [{'type': 'ETH_TYPE', 'ethType': '0x800'}]}"
281478244541011,0,org.onosproject.core,0,40000,0,True,of:000000000000001b,ADDED,1026700,331191,46035549,UNKNOWN,1721044110366,"{'instructions': [{'type': 'OUTPUT', 'port': 'CONTROLLER'}], 'clearDeferred': True, 'deferred': []}","{'criteria': [{'type': 'ETH_TYPE', 'ethType': '0x8942'}]}"
281475782825498,0,org.onosproject.core,0,40000,0,True,of:000000000000001b,ADDED,1026700,3173,133266,UNKNOWN,1721044110366,"{'instructions': [{'type': 'OUTPUT', 'port': 'CONTROLLER'}], 'clearDeferred': True, 'deferred': []}","{'criteria': [{'type': 'ETH_TYPE', 'ethType': '0x806'}]}"
281475895902905,0,org.onosproject.core,0,40000,0,True,of:000000000000001b,ADDED,1026700,331191,46035549,UNKNOWN,1721044110366,"{'instructions': [{'type': 'OUTPUT', 'port': 'CONTROLLER'}], 'clearDeferred': True, 'deferred': []}","{'criteria': [{'type': 'ETH_TYPE', 'ethType': '0x88cc'}]}"
281479193788631,0,org.onosproject.core,0,5,0,True,of:000000000000001c,ADDED,1026700,5143,1221106,UNKNOWN,1721044110253,"{'instructions': [{'type': 'OUTPUT', 'port': 'CONTROLLER'}], 'clearDeferred': True, 'deferred': []}","{'criteria': [{'type': 'ETH_TYPE', 'ethType': '0x800'}]}"
281475459677636,0,org.onosproject.core,0,40000,0,True,of:000000000000001c,ADDED,1026700,331191,46035549,UNKNOWN,1721044110253,"{'instructions': [{'type': 'OUTPUT', 'port': 'CONTROLLER'}], 'clearDeferred': True, 'deferred': []}","{'criteria': [{'type': 'ETH_TYPE', 'ethType': '0x8942'}]}"
281475617702203,0,org.onosproject.core,0,40000,0,True,of:000000000000001c,ADDED,1026700,3135,131670,UNKNOWN,1721044110253,"{'instructions': [{'type': 'OUTPUT', 'port': 'CONTROLLER'}], 'clearDeferred': True, 'deferred': []}","{'criteria': [{'type': 'ETH_TYPE', 'ethType': '0x806'}]}"
281477601266138,0,org.onosproject.core,0,40000,0,True,of:000000000000001c,ADDED,1026700,331191,46035549,UNKNOWN,1721044110253,"{'instructions': [{'type': 'OUTPUT', 'port': 'CONTROLLER'}], 'clearDeferred': True, 'deferred': []}","{'criteria': [{'type': 'ETH_TYPE', 'ethType': '0x88cc'}]}"
281475178856074,0,org.onosproject.core,0,40000,0,True,of:000000000000001f,ADDED,1026700,62700,2633400,UNKNOWN,1721044110285,"{'instructions': [{'type': 'OUTPUT', 'port': 'CONTROLLER'}], 'clearDeferred': True, 'deferred': []}","{'criteria': [{'type': 'ETH_TYPE', 'ethType': '0x806'}]}"
48976650199495760,0,org.onosproject.fwd,0,10,10,False,of:000000000000001f,ADDED,1025500,22832795669,1001971732974894,UNKNOWN,1721044110285,"{'instructions': [{'type': 'OUTPUT', 'port': '3'}], 'deferred': []}","{'criteria': [{'type': 'IN_PORT', 'port': 1}, {'type': 'ETH_DST', 'mac': '86:D2:30:F0:AC:53'}, {'type': 'ETH_SRC', 'mac': '9E:5F:10:59:C1:E8'}]}"
281475759888516,0,org.onosproject.core,0,40000,0,True,of:000000000000001f,ADDED,1026700,331191,46035549,UNKNOWN,1721044110285,"{'instructions': [{'type': 'OUTPUT', 'port': 'CONTROLLER'}], 'clearDeferred': True, 'deferred': []}","{'criteria': [{'type': 'ETH_TYPE', 'ethType': '0x88cc'}]}"
48976650063885990,0,org.onosproject.fwd,0,10,10,False,of:000000000000001f,ADDED,1017769,22223956748,1466781210092,UNKNOWN,1721044110285,"{'instructions': [{'type': 'OUTPUT', 'port': '1'}], 'deferred': []}","{'criteria': [{'type': 'IN_PORT', 'port': 3}, {'type': 'ETH_DST', 'mac': '9E:5F:10:59:C1:E8'}, {'type': 'ETH_SRC', 'mac': '86:D2:30:F0:AC:53'}]}"
281475726896390,0,org.onosproject.core,0,40000,0,True,of:000000000000001f,ADDED,1026700,331191,46035549,UNKNOWN,1721044110285,"{'instructions': [{'type': 'OUTPUT', 'port': 'CONTROLLER'}], 'clearDeferred': True, 'deferred': []}","{'criteria': [{'type': 'ETH_TYPE', 'ethType': '0x8942'}]}"
281476796775232,0,org.onosproject.core,0,5,0,True,of:000000000000001f,ADDED,1026700,5894,1271484,UNKNOWN,1721044110285,"{'instructions': [{'type': 'OUTPUT', 'port': 'CONTROLLER'}], 'clearDeferred': True, 'deferred': []}","{'criteria': [{'type': 'ETH_TYPE', 'ethType': '0x800'}]}"
281476495003517,0,org.onosproject.core,0,40000,0,True,of:0000000000000021,ADDED,1026699,3047,127974,UNKNOWN,1721044110781,"{'instructions': [{'type': 'OUTPUT', 'port': 'CONTROLLER'}], 'clearDeferred': True, 'deferred': []}","{'criteria': [{'type': 'ETH_TYPE', 'ethType': '0x806'}]}"
281478852758079,0,org.onosproject.core,0,40000,0,True,of:0000000000000021,ADDED,1026699,331190,46035410,UNKNOWN,1721044110781,"{'instructions': [{'type': 'OUTPUT', 'port': 'CONTROLLER'}], 'clearDeferred': True, 'deferred': []}","{'criteria': [{'type': 'ETH_TYPE', 'ethType': '0x88cc'}]}"
281476695380451,0,org.onosproject.core,0,5,0,True,of:0000000000000021,ADDED,1026699,5754,1261380,UNKNOWN,1721044110781,"{'instructions': [{'type': 'OUTPUT', 'port': 'CONTROLLER'}], 'clearDeferred': True, 'deferred': []}","{'criteria': [{'type': 'ETH_TYPE', 'ethType': '0x800'}]}"
281478234255227,0,org.onosproject.core,0,40000,0,True,of:0000000000000021,ADDED,1026699,331190,46035410,UNKNOWN,1721044110781,"{'instructions': [{'type': 'OUTPUT', 'port': 'CONTROLLER'}], 'clearDeferred': True, 'deferred': []}","{'criteria': [{'type': 'ETH_TYPE', 'ethType': '0x8942'}]}"
281477411547077,0,org.onosproject.core,0,40000,0,True,of:0000000000000022,ADDED,1026700,3075,129150,UNKNOWN,1721044110394,"{'instructions': [{'type': 'OUTPUT', 'port': 'CONTROLLER'}], 'clearDeferred': True, 'deferred': []}","{'criteria': [{'type': 'ETH_TYPE', 'ethType': '0x806'}]}"
281476228494630,0,org.onosproject.core,0,40000,0,True,of:0000000000000022,ADDED,1026700,331190,46035410,UNKNOWN,1721044110394,"{'instructions': [{'type': 'OUTPUT', 'port': 'CONTROLLER'}], 'clearDeferred': True, 'deferred': []}","{'criteria': [{'type': 'ETH_TYPE', 'ethType': '0x88cc'}]}"
281476743347389,0,org.onosproject.core,0,5,0,True,of:0000000000000022,ADDED,1026700,5752,1261184,UNKNOWN,1721044110394,"{'instructions': [{'type': 'OUTPUT', 'port': 'CONTROLLER'}], 'clearDeferred': True, 'deferred': []}","{'criteria': [{'type': 'ETH_TYPE', 'ethType': '0x800'}]}"
281476012256180,0,org.onosproject.core,0,40000,0,True,of:0000000000000022,ADDED,1026700,331190,46035410,UNKNOWN,1721044110394,"{'instructions': [{'type': 'OUTPUT', 'port': 'CONTROLLER'}], 'clearDeferred': True, 'deferred': []}","{'criteria': [{'type': 'ETH_TYPE', 'ethType': '0x8942'}]}"
281477638130057,0,org.onosproject.core,0,40000,0,True,of:0000000000000020,ADDED,1026699,331190,46035410,UNKNOWN,1721044110613,"{'instructions': [{'type': 'OUTPUT', 'port': 'CONTROLLER'}], 'clearDeferred': True, 'deferred': []}","{'criteria': [{'type': 'ETH_TYPE', 'ethType': '0x88cc'}]}"
281475442396938,0,org.onosproject.core,0,5,0,True,of:0000000000000020,ADDED,1026699,5752,1261184,UNKNOWN,1721044110613,"{'instructions': [{'type': 'OUTPUT', 'port': 'CONTROLLER'}], 'clearDeferred': True, 'deferred': []}","{'criteria': [{'type': 'ETH_TYPE', 'ethType': '0x800'}]}"
281475466605130,0,org.onosproject.core,0,40000,0,True,of:0000000000000020,ADDED,1026699,331190,46035410,UNKNOWN,1721044110613,"{'instructions': [{'type': 'OUTPUT', 'port': 'CONTROLLER'}], 'clearDeferred': True, 'deferred': []}","{'criteria': [{'type': 'ETH_TYPE', 'ethType': '0x8942'}]}"
281475875462815,0,org.onosproject.core,0,40000,0,True,of:0000000000000020,ADDED,1026699,3029,127218,UNKNOWN,1721044110613,"{'instructions': [{'type': 'OUTPUT', 'port': 'CONTROLLER'}], 'clearDeferred': True, 'deferred': []}","{'criteria': [{'type': 'ETH_TYPE', 'ethType': '0x806'}]}"
281476156249461,0,org.onosproject.core,0,40000,0,True,of:0000000000000003,ADDED,1026699,2649527,369940208,UNKNOWN,1721044110492,"{'instructions': [{'type': 'OUTPUT', 'port': 'CONTROLLER'}], 'clearDeferred': True, 'deferred': []}","{'criteria': [{'type': 'ETH_TYPE', 'ethType': '0x8942'}]}"
48976648185770107,0,org.onosproject.fwd,0,10,10,False,of:0000000000000003,ADDED,1017770,20981497271,1384778897166,UNKNOWN,1721044110492,"{'instructions': [{'type': 'OUTPUT', 'port': '1'}], 'deferred': []}","{'criteria': [{'type': 'IN_PORT', 'port': 2}, {'type': 'ETH_DST', 'mac': 'C6:7E:3A:75:14:E0'}, {'type': 'ETH_SRC', 'mac': '42:80:23:53:79:6A'}]}"
48976648400103859,0,org.onosproject.fwd,0,10,10,False,of:0000000000000003,ADDED,1025484,21501417589,943047743412774,UNKNOWN,1721044110492,"{'instructions': [{'type': 'OUTPUT', 'port': '2'}], 'deferred': []}","{'criteria': [{'type': 'IN_PORT', 'port': 1}, {'type': 'ETH_DST', 'mac': '42:80:23:53:79:6A'}, {'type': 'ETH_SRC', 'mac': 'C6:7E:3A:75:14:E0'}]}"
281478170942982,0,org.onosproject.core,0,5,0,True,of:0000000000000003,ADDED,1026699,17183,2267642,UNKNOWN,1721044110492,"{'instructions': [{'type': 'OUTPUT', 'port': 'CONTROLLER'}], 'clearDeferred': True, 'deferred': []}","{'criteria': [{'type': 'ETH_TYPE', 'ethType': '0x800'}]}"
281477764386537,0,org.onosproject.core,0,40000,0,True,of:0000000000000003,ADDED,1026699,372585,15648570,UNKNOWN,1721044110492,"{'instructions': [{'type': 'OUTPUT', 'port': 'CONTROLLER'}], 'clearDeferred': True, 'deferred': []}","{'criteria': [{'type': 'ETH_TYPE', 'ethType': '0x806'}]}"
48976649961312440,0,org.onosproject.fwd,0,10,10,False,of:0000000000000003,ADDED,1017729,20012521364,1320826468936,UNKNOWN,1721044110492,"{'instructions': [{'type': 'OUTPUT', 'port': '1'}], 'deferred': []}","{'criteria': [{'type': 'IN_PORT', 'port': 3}, {'type': 'ETH_DST', 'mac': 'B2:09:47:B5:93:9C'}, {'type': 'ETH_SRC', 'mac': 'DE:FD:B2:11:A4:D0'}]}"
48976646334735287,0,org.onosproject.fwd,0,10,10,False,of:0000000000000003,ADDED,1026007,20514321550,899873376462656,UNKNOWN,1721044110492,"{'instructions': [{'type': 'OUTPUT', 'port': '2'}], 'deferred': []}","{'criteria': [{'type': 'IN_PORT', 'port': 1}, {'type': 'ETH_DST', 'mac': 'F2:DE:97:D9:4A:FB'}, {'type': 'ETH_SRC', 'mac': '72:BF:6A:7E:B7:16'}]}"
48976646475744318,0,org.onosproject.fwd,0,10,10,False,of:0000000000000003,ADDED,1017740,19992428112,1319500305316,UNKNOWN,1721044110492,"{'instructions': [{'type': 'OUTPUT', 'port': '1'}], 'deferred': []}","{'criteria': [{'type': 'IN_PORT', 'port': 2}, {'type': 'ETH_DST', 'mac': '72:BF:6A:7E:B7:16'}, {'type': 'ETH_SRC', 'mac': 'F2:DE:97:D9:4A:FB'}]}"
48976646850008244,0,org.onosproject.fwd,0,10,10,False,of:0000000000000003,ADDED,1017729,20389717215,894820025340854,UNKNOWN,1721044110492,"{'instructions': [{'type': 'OUTPUT', 'port': '3'}], 'deferred': []}","{'criteria': [{'type': 'IN_PORT', 'port': 1}, {'type': 'ETH_DST', 'mac': 'DE:FD:B2:11:A4:D0'}, {'type': 'ETH_SRC', 'mac': 'B2:09:47:B5:93:9C'}]}"
48976648990908206,0,org.onosproject.fwd,0,10,10,False,of:0000000000000003,ADDED,1025452,22783809088,1000022326995316,UNKNOWN,1721044110492,"{'instructions': [{'type': 'OUTPUT', 'port': '2'}], 'deferred': []}","{'criteria': [{'type': 'IN_PORT', 'port': 3}, {'type': 'ETH_DST', 'mac': '3E:EB:5D:BE:02:2F'}, {'type': 'ETH_SRC', 'mac': 'DE:FD:B2:11:A4:D0'}]}"
281476661728682,0,org.onosproject.core,0,40000,0,True,of:0000000000000003,ADDED,1026699,2649527,369940208,UNKNOWN,1721044110492,"{'instructions': [{'type': 'OUTPUT', 'port': 'CONTROLLER'}], 'clearDeferred': True, 'deferred': []}","{'criteria': [{'type': 'ETH_TYPE', 'ethType': '0x88cc'}]}"
48976646783371163,0,org.onosproject.fwd,0,10,10,False,of:0000000000000003,ADDED,1025452,22331378202,1473871026260,UNKNOWN,1721044110492,"{'instructions': [{'type': 'OUTPUT', 'port': '3'}], 'deferred': []}","{'criteria': [{'type': 'IN_PORT', 'port': 2}, {'type': 'ETH_DST', 'mac': 'DE:FD:B2:11:A4:D0'}, {'type': 'ETH_SRC', 'mac': '3E:EB:5D:BE:02:2F'}]}"
48976646180818355,0,org.onosproject.fwd,0,10,10,False,of:0000000000000003,ADDED,1017769,22223967313,1466781908134,UNKNOWN,1721044110492,"{'instructions': [{'type': 'OUTPUT', 'port': '1'}], 'deferred': []}","{'criteria': [{'type': 'IN_PORT', 'port': 4}, {'type': 'ETH_DST', 'mac': '9E:5F:10:59:C1:E8'}, {'type': 'ETH_SRC', 'mac': '86:D2:30:F0:AC:53'}]}"
48976647939622062,0,org.onosproject.fwd,0,10,10,False,of:0000000000000003,ADDED,1017784,22660569627,994404472517254,UNKNOWN,1721044110492,"{'instructions': [{'type': 'OUTPUT', 'port': '4'}], 'deferred': []}","{'criteria': [{'type': 'IN_PORT', 'port': 1}, {'type': 'ETH_DST', 'mac': '86:D2:30:F0:AC:53'}, {'type': 'ETH_SRC', 'mac': '9E:5F:10:59:C1:E8'}]}"
48976647559808431,0,org.onosproject.fwd,0,10,10,False,of:0000000000000003,ADDED,1017752,19961093824,1317432246400,UNKNOWN,1721044110492,"{'instructions': [{'type': 'OUTPUT', 'port': '1'}], 'deferred': []}","{'criteria': [{'type': 'IN_PORT', 'port': 2}, {'type': 'ETH_DST', 'mac': '56:E0:0E:FF:A8:BA'}, {'type': 'ETH_SRC', 'mac': 'D2:CE:A0:26:A9:A6'}]}"
48976647252783040,0,org.onosproject.fwd,0,10,10,False,of:0000000000000003,ADDED,1026021,20482808693,898448340635658,UNKNOWN,1721044110492,"{'instructions': [{'type': 'OUTPUT', 'port': '2'}], 'deferred': []}","{'criteria': [{'type': 'IN_PORT', 'port': 1}, {'type': 'ETH_DST', 'mac': 'D2:CE:A0:26:A9:A6'}, {'type': 'ETH_SRC', 'mac': '56:E0:0E:FF:A8:BA'}]}"
281478376930340,0,org.onosproject.core,0,40000,0,True,of:0000000000000025,ADDED,1026699,331190,46035410,UNKNOWN,1721044110653,"{'instructions': [{'type': 'OUTPUT', 'port': 'CONTROLLER'}], 'clearDeferred': True, 'deferred': []}","{'criteria': [{'type': 'ETH_TYPE', 'ethType': '0x8942'}]}"
281475869840162,0,org.onosproject.core,0,40000,0,True,of:0000000000000025,ADDED,1026699,331190,46035410,UNKNOWN,1721044110653,"{'instructions': [{'type': 'OUTPUT', 'port': 'CONTROLLER'}], 'clearDeferred': True, 'deferred': []}","{'criteria': [{'type': 'ETH_TYPE', 'ethType': '0x88cc'}]}"
281478779240673,0,org.onosproject.core,0,5,0,True,of:0000000000000025,ADDED,1026699,5861,1269154,UNKNOWN,1721044110653,"{'instructions': [{'type': 'OUTPUT', 'port': 'CONTROLLER'}], 'clearDeferred': True, 'deferred': []}","{'criteria': [{'type': 'ETH_TYPE', 'ethType': '0x800'}]}"
281476328715731,0,org.onosproject.core,0,40000,0,True,of:0000000000000025,ADDED,1026699,3048,128016,UNKNOWN,1721044110653,"{'instructions': [{'type': 'OUTPUT', 'port': 'CONTROLLER'}], 'clearDeferred': True, 'deferred': []}","{'criteria': [{'type': 'ETH_TYPE', 'ethType': '0x806'}]}"
48976648369427595,0,org.onosproject.fwd,0,10,10,False,of:0000000000000026,ADDED,1025452,22331378203,1473871026326,UNKNOWN,1721044110447,"{'instructions': [{'type': 'OUTPUT', 'port': '1'}], 'deferred': []}","{'criteria': [{'type': 'IN_PORT', 'port': 3}, {'type': 'ETH_DST', 'mac': 'DE:FD:B2:11:A4:D0'}, {'type': 'ETH_SRC', 'mac': '3E:EB:5D:BE:02:2F'}]}"
48976648339574866,0,org.onosproject.fwd,0,10,10,False,of:0000000000000026,ADDED,1025452,22783809088,1000022326995316,UNKNOWN,1721044110447,"{'instructions': [{'type': 'OUTPUT', 'port': '3'}], 'deferred': []}","{'criteria': [{'type': 'IN_PORT', 'port': 1}, {'type': 'ETH_DST', 'mac': '3E:EB:5D:BE:02:2F'}, {'type': 'ETH_SRC', 'mac': 'DE:FD:B2:11:A4:D0'}]}"
281476405536394,0,org.onosproject.core,0,40000,0,True,of:0000000000000026,ADDED,1026700,331190,46035410,UNKNOWN,1721044110447,"{'instructions': [{'type': 'OUTPUT', 'port': 'CONTROLLER'}], 'clearDeferred': True, 'deferred': []}","{'criteria': [{'type': 'ETH_TYPE', 'ethType': '0x8942'}]}"
281476304594726,0,org.onosproject.core,0,40000,0,True,of:0000000000000026,ADDED,1026700,331190,46035410,UNKNOWN,1721044110447,"{'instructions': [{'type': 'OUTPUT', 'port': 'CONTROLLER'}], 'clearDeferred': True, 'deferred': []}","{'criteria': [{'type': 'ETH_TYPE', 'ethType': '0x88cc'}]}"
281476120758902,0,org.onosproject.core,0,5,0,True,of:0000000000000026,ADDED,1026700,5861,1269106,UNKNOWN,1721044110447,"{'instructions': [{'type': 'OUTPUT', 'port': 'CONTROLLER'}], 'clearDeferred': True, 'deferred': []}","{'criteria': [{'type': 'ETH_TYPE', 'ethType': '0x800'}]}"
281475865577233,0,org.onosproject.core,0,40000,0,True,of:0000000000000026,ADDED,1026700,62504,2625168,UNKNOWN,1721044110447,"{'instructions': [{'type': 'OUTPUT', 'port': 'CONTROLLER'}], 'clearDeferred': True, 'deferred': []}","{'criteria': [{'type': 'ETH_TYPE', 'ethType': '0x806'}]}"
48976648581338457,0,org.onosproject.fwd,0,10,10,False,of:0000000000000004,ADDED,1026007,20514321551,899873376527882,UNKNOWN,1721044110663,"{'instructions': [{'type': 'OUTPUT', 'port': '2'}], 'deferred': []}","{'criteria': [{'type': 'IN_PORT', 'port': 1}, {'type': 'ETH_DST', 'mac': 'F2:DE:97:D9:4A:FB'}, {'type': 'ETH_SRC', 'mac': '72:BF:6A:7E:B7:16'}]}"
281476729151998,0,org.onosproject.core,0,40000,0,True,of:0000000000000004,ADDED,1026699,2318334,323904379,UNKNOWN,1721044110663,"{'instructions': [{'type': 'OUTPUT', 'port': 'CONTROLLER'}], 'clearDeferred': True, 'deferred': []}","{'criteria': [{'type': 'ETH_TYPE', 'ethType': '0x8942'}]}"
48976648283902671,0,org.onosproject.fwd,0,10,10,False,of:0000000000000004,ADDED,1017740,19992428061,1319500301950,UNKNOWN,1721044110663,"{'instructions': [{'type': 'OUTPUT', 'port': '1'}], 'deferred': []}","{'criteria': [{'type': 'IN_PORT', 'port': 2}, {'type': 'ETH_DST', 'mac': '72:BF:6A:7E:B7:16'}, {'type': 'ETH_SRC', 'mac': 'F2:DE:97:D9:4A:FB'}]}"
48976649465993588,0,org.onosproject.fwd,0,10,10,False,of:0000000000000004,ADDED,1017770,20981497272,1384778897208,UNKNOWN,1721044110663,"{'instructions': [{'type': 'OUTPUT', 'port': '1'}], 'deferred': []}","{'criteria': [{'type': 'IN_PORT', 'port': 3}, {'type': 'ETH_DST', 'mac': 'C6:7E:3A:75:14:E0'}, {'type': 'ETH_SRC', 'mac': '42:80:23:53:79:6A'}]}"
48976646995261223,0,org.onosproject.fwd,0,10,10,False,of:0000000000000004,ADDED,1017784,22166790959,1463008261270,UNKNOWN,1721044110663,"{'instructions': [{'type': 'OUTPUT', 'port': '1'}], 'deferred': []}","{'criteria': [{'type': 'IN_PORT', 'port': 5}, {'type': 'ETH_DST', 'mac': 'DE:FD:B2:11:A4:D0'}, {'type': 'ETH_SRC', 'mac': '3E:EB:5D:BE:02:2F'}]}"
48976647274460160,0,org.onosproject.fwd,0,10,10,False,of:0000000000000004,ADDED,1025484,21501417588,943047743347548,UNKNOWN,1721044110663,"{'instructions': [{'type': 'OUTPUT', 'port': '3'}], 'deferred': []}","{'criteria': [{'type': 'IN_PORT', 'port': 1}, {'type': 'ETH_DST', 'mac': '42:80:23:53:79:6A'}, {'type': 'ETH_SRC', 'mac': 'C6:7E:3A:75:14:E0'}]}"
281475616213265,0,org.onosproject.core,0,40000,0,True,of:0000000000000004,ADDED,1026699,2318334,323904379,UNKNOWN,1721044110663,"{'instructions': [{'type': 'OUTPUT', 'port': 'CONTROLLER'}], 'clearDeferred': True, 'deferred': []}","{'criteria': [{'type': 'ETH_TYPE', 'ethType': '0x88cc'}]}"
48976647284068677,0,org.onosproject.fwd,0,10,10,False,of:0000000000000004,ADDED,1025452,22783809086,1000022326864864,UNKNOWN,1721044110663,"{'instructions': [{'type': 'OUTPUT', 'port': '5'}], 'deferred': []}","{'criteria': [{'type': 'IN_PORT', 'port': 1}, {'type': 'ETH_DST', 'mac': '3E:EB:5D:BE:02:2F'}, {'type': 'ETH_SRC', 'mac': 'DE:FD:B2:11:A4:D0'}]}"
281477141311986,0,org.onosproject.core,0,5,0,True,of:0000000000000004,ADDED,1026699,12234,1831124,UNKNOWN,1721044110663,"{'instructions': [{'type': 'OUTPUT', 'port': 'CONTROLLER'}], 'clearDeferred': True, 'deferred': []}","{'criteria': [{'type': 'ETH_TYPE', 'ethType': '0x800'}]}"
281475265228006,0,org.onosproject.core,0,40000,0,True,of:0000000000000004,ADDED,1026699,248871,10452582,UNKNOWN,1721044110663,"{'instructions': [{'type': 'OUTPUT', 'port': 'CONTROLLER'}], 'clearDeferred': True, 'deferred': []}","{'criteria': [{'type': 'ETH_TYPE', 'ethType': '0x806'}]}"
48976646122356430,0,org.onosproject.fwd,0,10,10,False,of:0000000000000004,ADDED,1017753,19961093824,1317432246400,UNKNOWN,1721044110663,"{'instructions': [{'type': 'OUTPUT', 'port': '1'}], 'deferred': []}","{'criteria': [{'type': 'IN_PORT', 'port': 2}, {'type': 'ETH_DST', 'mac': '56:E0:0E:FF:A8:BA'}, {'type': 'ETH_SRC', 'mac': 'D2:CE:A0:26:A9:A6'}]}"
48976647169509367,0,org.onosproject.fwd,0,10,10,False,of:0000000000000004,ADDED,1026021,20482808695,898448340570630,UNKNOWN,1721044110663,"{'instructions': [{'type': 'OUTPUT', 'port': '2'}], 'deferred': []}","{'criteria': [{'type': 'IN_PORT', 'port': 1}, {'type': 'ETH_DST', 'mac': 'D2:CE:A0:26:A9:A6'}, {'type': 'ETH_SRC', 'mac': '56:E0:0E:FF:A8:BA'}]}"
281475147709563,0,org.onosproject.core,0,40000,0,True,of:0000000000000023,ADDED,1026700,3055,128310,UNKNOWN,1721044110254,"{'instructions': [{'type': 'OUTPUT', 'port': 'CONTROLLER'}], 'clearDeferred': True, 'deferred': []}","{'criteria': [{'type': 'ETH_TYPE', 'ethType': '0x806'}]}"
281478493419248,0,org.onosproject.core,0,40000,0,True,of:0000000000000023,ADDED,1026700,331191,46035549,UNKNOWN,1721044110254,"{'instructions': [{'type': 'OUTPUT', 'port': 'CONTROLLER'}], 'clearDeferred': True, 'deferred': []}","{'criteria': [{'type': 'ETH_TYPE', 'ethType': '0x88cc'}]}"
281479184987138,0,org.onosproject.core,0,5,0,True,of:0000000000000023,ADDED,1026700,5748,1260792,UNKNOWN,1721044110254,"{'instructions': [{'type': 'OUTPUT', 'port': 'CONTROLLER'}], 'clearDeferred': True, 'deferred': []}","{'criteria': [{'type': 'ETH_TYPE', 'ethType': '0x800'}]}"
281475528272412,0,org.onosproject.core,0,40000,0,True,of:0000000000000023,ADDED,1026700,331191,46035549,UNKNOWN,1721044110254,"{'instructions': [{'type': 'OUTPUT', 'port': 'CONTROLLER'}], 'clearDeferred': True, 'deferred': []}","{'criteria': [{'type': 'ETH_TYPE', 'ethType': '0x8942'}]}"
48976648455992493,0,org.onosproject.fwd,0,10,10,False,of:0000000000000001,ADDED,1025961,22298614225,1471708692614,UNKNOWN,1721044110751,"{'instructions': [{'type': 'OUTPUT', 'port': '7'}], 'deferred': []}","{'criteria': [{'type': 'IN_PORT', 'port': 1}, {'type': 'ETH_DST', 'mac': '76:0D:5F:32:84:45'}, {'type': 'ETH_SRC', 'mac': '6E:D2:0F:A9:3B:95'}]}"
48976649410677286,0,org.onosproject.fwd,0,10,10,False,of:0000000000000001,ADDED,1017723,23829917569,1046356618736610,UNKNOWN,1721044110751,"{'instructions': [{'type': 'OUTPUT', 'port': '5'}], 'deferred': []}","{'criteria': [{'type': 'IN_PORT', 'port': 2}, {'type': 'ETH_DST', 'mac': '0E:EE:17:FD:72:37'}, {'type': 'ETH_SRC', 'mac': '4E:94:B0:9C:B2:4A'}]}"
48976648637426438,0,org.onosproject.fwd,0,10,10,False,of:0000000000000001,ADDED,1017768,22523474498,988193805688444,UNKNOWN,1721044110751,"{'instructions': [{'type': 'OUTPUT', 'port': '1'}], 'deferred': []}","{'criteria': [{'type': 'IN_PORT', 'port': 7}, {'type': 'ETH_DST', 'mac': '6E:D2:0F:A9:3B:95'}, {'type': 'ETH_SRC', 'mac': '76:0D:5F:32:84:45'}]}"
48976647707118715,0,org.onosproject.fwd,0,10,10,False,of:0000000000000001,ADDED,1025992,23544339786,1553926524860,UNKNOWN,1721044110751,"{'instructions': [{'type': 'OUTPUT', 'port': '5'}], 'deferred': []}","{'criteria': [{'type': 'IN_PORT', 'port': 2}, {'type': 'ETH_DST', 'mac': '3E:87:C3:2D:C4:01'}, {'type': 'ETH_SRC', 'mac': 'F2:33:E3:A3:AA:A0'}]}"
281477029321583,0,org.onosproject.core,0,40000,0,True,of:0000000000000001,ADDED,1026699,2318337,323573607,UNKNOWN,1721044110751,"{'instructions': [{'type': 'OUTPUT', 'port': 'CONTROLLER'}], 'clearDeferred': True, 'deferred': []}","{'criteria': [{'type': 'ETH_TYPE', 'ethType': '0x8942'}]}"
48976646861116226,0,org.onosproject.fwd,0,10,10,False,of:0000000000000001,ADDED,1017707,23300267480,1537817704312,UNKNOWN,1721044110751,"{'instructions': [{'type': 'OUTPUT', 'port': '2'}], 'deferred': []}","{'criteria': [{'type': 'IN_PORT', 'port': 6}, {'type': 'ETH_DST', 'mac': '4E:94:B0:9C:B2:4A'}, {'type': 'ETH_SRC', 'mac': '62:91:09:33:42:56'}]}"
48976648522278878,0,org.onosproject.fwd,0,10,10,False,of:0000000000000001,ADDED,1017738,23883393674,1048895093398388,UNKNOWN,1721044110751,"{'instructions': [{'type': 'OUTPUT', 'port': '2'}], 'deferred': []}","{'criteria': [{'type': 'IN_PORT', 'port': 5}, {'type': 'ETH_DST', 'mac': 'F2:33:E3:A3:AA:A0'}, {'type': 'ETH_SRC', 'mac': '3E:87:C3:2D:C4:01'}]}"
48976649002087860,0,org.onosproject.fwd,0,10,10,False,of:0000000000000001,ADDED,1017742,23294955634,1537467123016,UNKNOWN,1721044110751,"{'instructions': [{'type': 'OUTPUT', 'port': '6'}], 'deferred': []}","{'criteria': [{'type': 'IN_PORT', 'port': 2}, {'type': 'ETH_DST', 'mac': '6E:DA:5A:12:17:DE'}, {'type': 'ETH_SRC', 'mac': 'EE:52:9D:74:5F:2E'}]}"
48976646168913114,0,org.onosproject.fwd,0,10,10,False,of:0000000000000001,ADDED,1017707,23806776481,1045151561448354,UNKNOWN,1721044110751,"{'instructions': [{'type': 'OUTPUT', 'port': '6'}], 'deferred': []}","{'criteria': [{'type': 'IN_PORT', 'port': 2}, {'type': 'ETH_DST', 'mac': '62:91:09:33:42:56'}, {'type': 'ETH_SRC', 'mac': '4E:94:B0:9C:B2:4A'}]}"
48976646242443208,0,org.onosproject.fwd,0,10,10,False,of:0000000000000001,ADDED,1017723,23309592616,1538433172492,UNKNOWN,1721044110751,"{'instructions': [{'type': 'OUTPUT', 'port': '2'}], 'deferred': []}","{'criteria': [{'type': 'IN_PORT', 'port': 5}, {'type': 'ETH_DST', 'mac': '4E:94:B0:9C:B2:4A'}, {'type': 'ETH_SRC', 'mac': '0E:EE:17:FD:72:37'}]}"
48976647668681216,0,org.onosproject.fwd,0,10,10,False,of:0000000000000001,ADDED,1017717,23359312384,1541714670712,UNKNOWN,1721044110751,"{'instructions': [{'type': 'OUTPUT', 'port': '2'}], 'deferred': []}","{'criteria': [{'type': 'IN_PORT', 'port': 4}, {'type': 'ETH_DST', 'mac': 'EE:84:7E:2D:3E:77'}, {'type': 'ETH_SRC', 'mac': '86:68:8E:BA:19:1C'}]}"
48976647820483184,0,org.onosproject.fwd,0,10,10,False,of:0000000000000001,ADDED,1017767,20296938031,890265327097854,UNKNOWN,1721044110751,"{'instructions': [{'type': 'OUTPUT', 'port': '1'}], 'deferred': []}","{'criteria': [{'type': 'IN_PORT', 'port': 3}, {'type': 'ETH_DST', 'mac': 'D2:CE:A0:26:A9:A6'}, {'type': 'ETH_SRC', 'mac': '56:E0:0E:FF:A8:BA'}]}"
48976646182947207,0,org.onosproject.fwd,0,10,10,False,of:0000000000000001,ADDED,1017737,23840253172,1047043280012288,UNKNOWN,1721044110751,"{'instructions': [{'type': 'OUTPUT', 'port': '2'}], 'deferred': []}","{'criteria': [{'type': 'IN_PORT', 'port': 6}, {'type': 'ETH_DST', 'mac': 'EE:52:9D:74:5F:2E'}, {'type': 'ETH_SRC', 'mac': '6E:DA:5A:12:17:DE'}]}"
48976649471993288,0,org.onosproject.fwd,0,10,10,False,of:0000000000000001,ADDED,1017740,19961093863,1317432249478,UNKNOWN,1721044110751,"{'instructions': [{'type': 'OUTPUT', 'port': '3'}], 'deferred': []}","{'criteria': [{'type': 'IN_PORT', 'port': 1}, {'type': 'ETH_DST', 'mac': '56:E0:0E:FF:A8:BA'}, {'type': 'ETH_SRC', 'mac': 'D2:CE:A0:26:A9:A6'}]}"
48976646017908755,0,org.onosproject.fwd,0,10,10,False,of:0000000000000001,ADDED,1017717,23982840144,1054150445361024,UNKNOWN,1721044110751,"{'instructions': [{'type': 'OUTPUT', 'port': '4'}], 'deferred': []}","{'criteria': [{'type': 'IN_PORT', 'port': 2}, {'type': 'ETH_DST', 'mac': '86:68:8E:BA:19:1C'}, {'type': 'ETH_SRC', 'mac': 'EE:84:7E:2D:3E:77'}]}"
48976646520720843,0,org.onosproject.fwd,0,10,10,False,of:0000000000000001,ADDED,1017769,21480310171,942555977396270,UNKNOWN,1721044110751,"{'instructions': [{'type': 'OUTPUT', 'port': '1'}], 'deferred': []}","{'criteria': [{'type': 'IN_PORT', 'port': 2}, {'type': 'ETH_DST', 'mac': 'E6:63:BC:8D:F0:97'}, {'type': 'ETH_SRC', 'mac': 'EE:84:7E:2D:3E:77'}]}"
48976648447148914,0,org.onosproject.fwd,0,10,10,False,of:0000000000000001,ADDED,1017740,21084667991,1391588139922,UNKNOWN,1721044110751,"{'instructions': [{'type': 'OUTPUT', 'port': '2'}], 'deferred': []}","{'criteria': [{'type': 'IN_PORT', 'port': 1}, {'type': 'ETH_DST', 'mac': 'EE:84:7E:2D:3E:77'}, {'type': 'ETH_SRC', 'mac': 'E6:63:BC:8D:F0:97'}]}"
281475012051420,0,org.onosproject.core,0,5,0,True,of:0000000000000001,ADDED,1026699,21549,237363466,UNKNOWN,1721044110751,"{'instructions': [{'type': 'OUTPUT', 'port': 'CONTROLLER'}], 'clearDeferred': True, 'deferred': []}","{'criteria': [{'type': 'ETH_TYPE', 'ethType': '0x800'}]}"
48976648667525107,0,org.onosproject.fwd,0,10,10,False,of:0000000000000001,ADDED,1017734,23381387449,1543171626930,UNKNOWN,1721044110751,"{'instructions': [{'type': 'OUTPUT', 'port': '2'}], 'deferred': []}","{'criteria': [{'type': 'IN_PORT', 'port': 3}, {'type': 'ETH_DST', 'mac': 'EE:84:7E:2D:3E:77'}, {'type': 'ETH_SRC', 'mac': '8A:03:2F:AC:82:94'}]}"
48976646719373649,0,org.onosproject.fwd,0,10,10,False,of:0000000000000001,ADDED,1017732,23867534450,1047528709866804,UNKNOWN,1721044110751,"{'instructions': [{'type': 'OUTPUT', 'port': '3'}], 'deferred': []}","{'criteria': [{'type': 'IN_PORT', 'port': 2}, {'type': 'ETH_DST', 'mac': '8A:03:2F:AC:82:94'}, {'type': 'ETH_SRC', 'mac': 'EE:84:7E:2D:3E:77'}]}"
281478909873038,0,org.onosproject.core,0,40000,0,True,of:0000000000000001,ADDED,1026699,666709,28001778,UNKNOWN,1721044110751,"{'instructions': [{'type': 'OUTPUT', 'port': 'CONTROLLER'}], 'clearDeferred': True, 'deferred': []}","{'criteria': [{'type': 'ETH_TYPE', 'ethType': '0x806'}]}"
48976647792998014,0,org.onosproject.fwd,0,10,10,False,of:0000000000000001,ADDED,1017729,20012521362,1320826468804,UNKNOWN,1721044110751,"{'instructions': [{'type': 'OUTPUT', 'port': '2'}], 'deferred': []}","{'criteria': [{'type': 'IN_PORT', 'port': 1}, {'type': 'ETH_DST', 'mac': 'B2:09:47:B5:93:9C'}, {'type': 'ETH_SRC', 'mac': 'DE:FD:B2:11:A4:D0'}]}"
48976649430072493,0,org.onosproject.fwd,0,10,10,False,of:0000000000000001,ADDED,1017739,19992428993,1319500363462,UNKNOWN,1721044110751,"{'instructions': [{'type': 'OUTPUT', 'port': '4'}], 'deferred': []}","{'criteria': [{'type': 'IN_PORT', 'port': 1}, {'type': 'ETH_DST', 'mac': '72:BF:6A:7E:B7:16'}, {'type': 'ETH_SRC', 'mac': 'F2:DE:97:D9:4A:FB'}]}"
48976648107555669,0,org.onosproject.fwd,0,10,10,False,of:0000000000000001,ADDED,1017729,20389717216,894820025341672,UNKNOWN,1721044110751,"{'instructions': [{'type': 'OUTPUT', 'port': '1'}], 'deferred': []}","{'criteria': [{'type': 'IN_PORT', 'port': 2}, {'type': 'ETH_DST', 'mac': 'DE:FD:B2:11:A4:D0'}, {'type': 'ETH_SRC', 'mac': 'B2:09:47:B5:93:9C'}]}"
281477466379610,0,org.onosproject.core,0,40000,0,True,of:0000000000000001,ADDED,1026699,2318337,323573607,UNKNOWN,1721044110751,"{'instructions': [{'type': 'OUTPUT', 'port': 'CONTROLLER'}], 'clearDeferred': True, 'deferred': []}","{'criteria': [{'type': 'ETH_TYPE', 'ethType': '0x88cc'}]}"
48976648661029097,0,org.onosproject.fwd,0,10,10,False,of:0000000000000001,ADDED,1017768,20330856960,891797440412016,UNKNOWN,1721044110751,"{'instructions': [{'type': 'OUTPUT', 'port': '1'}], 'deferred': []}","{'criteria': [{'type': 'IN_PORT', 'port': 4}, {'type': 'ETH_DST', 'mac': 'F2:DE:97:D9:4A:FB'}, {'type': 'ETH_SRC', 'mac': '72:BF:6A:7E:B7:16'}]}"
281477081560869,0,org.onosproject.core,0,40000,0,True,of:0000000000000024,ADDED,1026699,331190,46035410,UNKNOWN,1721044110461,"{'instructions': [{'type': 'OUTPUT', 'port': 'CONTROLLER'}], 'clearDeferred': True, 'deferred': []}","{'criteria': [{'type': 'ETH_TYPE', 'ethType': '0x88cc'}]}"
281477840815926,0,org.onosproject.core,0,40000,0,True,of:0000000000000024,ADDED,1026699,63134,2651628,UNKNOWN,1721044110461,"{'instructions': [{'type': 'OUTPUT', 'port': 'CONTROLLER'}], 'clearDeferred': True, 'deferred': []}","{'criteria': [{'type': 'ETH_TYPE', 'ethType': '0x806'}]}"
48976648831424502,0,org.onosproject.fwd,0,10,10,False,of:0000000000000024,ADDED,1017771,20981497268,1384778896924,UNKNOWN,1721044110461,"{'instructions': [{'type': 'OUTPUT', 'port': '1'}], 'deferred': []}","{'criteria': [{'type': 'IN_PORT', 'port': 3}, {'type': 'ETH_DST', 'mac': 'C6:7E:3A:75:14:E0'}, {'type': 'ETH_SRC', 'mac': '42:80:23:53:79:6A'}]}"
48976649327604781,0,org.onosproject.fwd,0,10,10,False,of:0000000000000024,ADDED,1025484,21501417586,943047743281504,UNKNOWN,1721044110461,"{'instructions': [{'type': 'OUTPUT', 'port': '3'}], 'deferred': []}","{'criteria': [{'type': 'IN_PORT', 'port': 1}, {'type': 'ETH_DST', 'mac': '42:80:23:53:79:6A'}, {'type': 'ETH_SRC', 'mac': 'C6:7E:3A:75:14:E0'}]}"
281479171398449,0,org.onosproject.core,0,5,0,True,of:0000000000000024,ADDED,1026699,6061,1282278,UNKNOWN,1721044110461,"{'instructions': [{'type': 'OUTPUT', 'port': 'CONTROLLER'}], 'clearDeferred': True, 'deferred': []}","{'criteria': [{'type': 'ETH_TYPE', 'ethType': '0x800'}]}"
281478953681054,0,org.onosproject.core,0,40000,0,True,of:0000000000000024,ADDED,1026699,331190,46035410,UNKNOWN,1721044110461,"{'instructions': [{'type': 'OUTPUT', 'port': 'CONTROLLER'}], 'clearDeferred': True, 'deferred': []}","{'criteria': [{'type': 'ETH_TYPE', 'ethType': '0x8942'}]}"
48976650080247052,0,org.onosproject.fwd,0,10,10,False,of:0000000000000002,ADDED,1017768,20981663980,1384789900808,UNKNOWN,1721044110955,"{'instructions': [{'type': 'OUTPUT', 'port': '3'}], 'deferred': []}","{'criteria': [{'type': 'IN_PORT', 'port': 2}, {'type': 'ETH_DST', 'mac': 'C6:7E:3A:75:14:E0'}, {'type': 'ETH_SRC', 'mac': '42:80:23:53:79:6A'}]}"
48976650079517112,0,org.onosproject.fwd,0,10,10,False,of:0000000000000002,ADDED,1017740,22108055345,1459131703214,UNKNOWN,1721044110955,"{'instructions': [{'type': 'OUTPUT', 'port': '1'}], 'deferred': []}","{'criteria': [{'type': 'IN_PORT', 'port': 3}, {'type': 'ETH_DST', 'mac': '76:0D:5F:32:84:45'}, {'type': 'ETH_SRC', 'mac': '6E:D2:0F:A9:3B:95'}]}"
48976647423453691,0,org.onosproject.fwd,0,10,10,False,of:0000000000000002,ADDED,1017769,21480464216,942562828746760,UNKNOWN,1721044110955,"{'instructions': [{'type': 'OUTPUT', 'port': '3'}], 'deferred': []}","{'criteria': [{'type': 'IN_PORT', 'port': 1}, {'type': 'ETH_DST', 'mac': 'E6:63:BC:8D:F0:97'}, {'type': 'ETH_SRC', 'mac': 'EE:84:7E:2D:3E:77'}]}"
48976648921071806,0,org.onosproject.fwd,0,10,10,False,of:0000000000000002,ADDED,1017736,22523622224,988200520874560,UNKNOWN,1721044110955,"{'instructions': [{'type': 'OUTPUT', 'port': '3'}], 'deferred': []}","{'criteria': [{'type': 'IN_PORT', 'port': 1}, {'type': 'ETH_DST', 'mac': '6E:D2:0F:A9:3B:95'}, {'type': 'ETH_SRC', 'mac': '76:0D:5F:32:84:45'}]}"
48976646512067746,0,org.onosproject.fwd,0,10,10,False,of:0000000000000002,ADDED,1017740,21084670229,1391588287594,UNKNOWN,1721044110955,"{'instructions': [{'type': 'OUTPUT', 'port': '1'}], 'deferred': []}","{'criteria': [{'type': 'IN_PORT', 'port': 3}, {'type': 'ETH_DST', 'mac': 'EE:84:7E:2D:3E:77'}, {'type': 'ETH_SRC', 'mac': 'E6:63:BC:8D:F0:97'}]}"
48976649787256251,0,org.onosproject.fwd,0,10,10,False,of:0000000000000002,ADDED,1017768,21338653035,935898798583182,UNKNOWN,1721044110955,"{'instructions': [{'type': 'OUTPUT', 'port': '2'}], 'deferred': []}","{'criteria': [{'type': 'IN_PORT', 'port': 3}, {'type': 'ETH_DST', 'mac': '42:80:23:53:79:6A'}, {'type': 'ETH_SRC', 'mac': 'C6:7E:3A:75:14:E0'}]}"
281475568191580,0,org.onosproject.core,0,5,0,True,of:0000000000000002,ADDED,1026699,23870,91412960,UNKNOWN,1721044110955,"{'instructions': [{'type': 'OUTPUT', 'port': 'CONTROLLER'}], 'clearDeferred': True, 'deferred': []}","{'criteria': [{'type': 'ETH_TYPE', 'ethType': '0x800'}]}"
281478316350853,0,org.onosproject.core,0,40000,0,True,of:0000000000000002,ADDED,1026699,432614,18169788,UNKNOWN,1721044110955,"{'instructions': [{'type': 'OUTPUT', 'port': 'CONTROLLER'}], 'clearDeferred': True, 'deferred': []}","{'criteria': [{'type': 'ETH_TYPE', 'ethType': '0x806'}]}"
281478673389323,0,org.onosproject.core,0,40000,0,True,of:0000000000000002,ADDED,1026699,2649522,369939510,UNKNOWN,1721044110955,"{'instructions': [{'type': 'OUTPUT', 'port': 'CONTROLLER'}], 'clearDeferred': True, 'deferred': []}","{'criteria': [{'type': 'ETH_TYPE', 'ethType': '0x8942'}]}"
48976646645640054,0,org.onosproject.fwd,0,10,10,False,of:0000000000000002,ADDED,1017730,20012530690,1320827084452,UNKNOWN,1721044110955,"{'instructions': [{'type': 'OUTPUT', 'port': '1'}], 'deferred': []}","{'criteria': [{'type': 'IN_PORT', 'port': 2}, {'type': 'ETH_DST', 'mac': 'B2:09:47:B5:93:9C'}, {'type': 'ETH_SRC', 'mac': 'DE:FD:B2:11:A4:D0'}]}"
48976647185106981,0,org.onosproject.fwd,0,10,10,False,of:0000000000000002,ADDED,1017740,20389790313,894823136110650,UNKNOWN,1721044110955,"{'instructions': [{'type': 'OUTPUT', 'port': '2'}], 'deferred': []}","{'criteria': [{'type': 'IN_PORT', 'port': 1}, {'type': 'ETH_DST', 'mac': 'DE:FD:B2:11:A4:D0'}, {'type': 'ETH_SRC', 'mac': 'B2:09:47:B5:93:9C'}]}"
48976648937810036,0,org.onosproject.fwd,0,10,10,False,of:0000000000000002,ADDED,1017740,19992437292,1319500911196,UNKNOWN,1721044110955,"{'instructions': [{'type': 'OUTPUT', 'port': '1'}], 'deferred': []}","{'criteria': [{'type': 'IN_PORT', 'port': 2}, {'type': 'ETH_DST', 'mac': '72:BF:6A:7E:B7:16'}, {'type': 'ETH_SRC', 'mac': 'F2:DE:97:D9:4A:FB'}]}"
48976649906541008,0,org.onosproject.fwd,0,10,10,False,of:0000000000000002,ADDED,1017738,20330897689,891799235248562,UNKNOWN,1721044110955,"{'instructions': [{'type': 'OUTPUT', 'port': '2'}], 'deferred': []}","{'criteria': [{'type': 'IN_PORT', 'port': 1}, {'type': 'ETH_DST', 'mac': 'F2:DE:97:D9:4A:FB'}, {'type': 'ETH_SRC', 'mac': '72:BF:6A:7E:B7:16'}]}"
281475022575828,0,org.onosproject.core,0,40000,0,True,of:0000000000000002,ADDED,1026699,2649522,369939510,UNKNOWN,1721044110955,"{'instructions': [{'type': 'OUTPUT', 'port': 'CONTROLLER'}], 'clearDeferred': True, 'deferred': []}","{'criteria': [{'type': 'ETH_TYPE', 'ethType': '0x88cc'}]}"
48976646503826083,0,org.onosproject.fwd,0,10,10,False,of:0000000000000002,ADDED,1017737,22660582368,994405154274392,UNKNOWN,1721044110955,"{'instructions': [{'type': 'OUTPUT', 'port': '2'}], 'deferred': []}","{'criteria': [{'type': 'IN_PORT', 'port': 3}, {'type': 'ETH_DST', 'mac': '86:D2:30:F0:AC:53'}, {'type': 'ETH_SRC', 'mac': '9E:5F:10:59:C1:E8'}]}"
48976648168009047,0,org.onosproject.fwd,0,10,10,False,of:0000000000000002,ADDED,1017767,22224055894,1466787755852,UNKNOWN,1721044110955,"{'instructions': [{'type': 'OUTPUT', 'port': '3'}], 'deferred': []}","{'criteria': [{'type': 'IN_PORT', 'port': 2}, {'type': 'ETH_DST', 'mac': '9E:5F:10:59:C1:E8'}, {'type': 'ETH_SRC', 'mac': '86:D2:30:F0:AC:53'}]}"
48976649437126743,0,org.onosproject.fwd,0,10,10,False,of:0000000000000002,ADDED,1017737,20296974401,890266993040794,UNKNOWN,1721044110955,"{'instructions': [{'type': 'OUTPUT', 'port': '2'}], 'deferred': []}","{'criteria': [{'type': 'IN_PORT', 'port': 1}, {'type': 'ETH_DST', 'mac': 'D2:CE:A0:26:A9:A6'}, {'type': 'ETH_SRC', 'mac': '56:E0:0E:FF:A8:BA'}]}"
48976648641272419,0,org.onosproject.fwd,0,10,10,False,of:0000000000000002,ADDED,1017740,19961104767,1317432968638,UNKNOWN,1721044110955,"{'instructions': [{'type': 'OUTPUT', 'port': '1'}], 'deferred': []}","{'criteria': [{'type': 'IN_PORT', 'port': 2}, {'type': 'ETH_DST', 'mac': '56:E0:0E:FF:A8:BA'}, {'type': 'ETH_SRC', 'mac': 'D2:CE:A0:26:A9:A6'}]}"
281478438392611,0,org.onosproject.core,0,40000,0,True,of:0000000000000007,ADDED,1026699,123277,5177634,UNKNOWN,1721044110651,"{'instructions': [{'type': 'OUTPUT', 'port': 'CONTROLLER'}], 'clearDeferred': True, 'deferred': []}","{'criteria': [{'type': 'ETH_TYPE', 'ethType': '0x806'}]}"
281475652364572,0,org.onosproject.core,0,5,0,True,of:0000000000000007,ADDED,1026699,9456,1549896,UNKNOWN,1721044110651,"{'instructions': [{'type': 'OUTPUT', 'port': 'CONTROLLER'}], 'clearDeferred': True, 'deferred': []}","{'criteria': [{'type': 'ETH_TYPE', 'ethType': '0x800'}]}"
48976646444274978,0,org.onosproject.fwd,0,10,10,False,of:0000000000000007,ADDED,1017784,22166791085,1463008270894,UNKNOWN,1721044110651,"{'instructions': [{'type': 'OUTPUT', 'port': '2'}], 'deferred': []}","{'criteria': [{'type': 'IN_PORT', 'port': 1}, {'type': 'ETH_DST', 'mac': 'DE:FD:B2:11:A4:D0'}, {'type': 'ETH_SRC', 'mac': '3E:EB:5D:BE:02:2F'}]}"
48976647452604017,0,org.onosproject.fwd,0,10,10,False,of:0000000000000007,ADDED,1025452,22783809087,1000022326930090,UNKNOWN,1721044110651,"{'instructions': [{'type': 'OUTPUT', 'port': '1'}], 'deferred': []}","{'criteria': [{'type': 'IN_PORT', 'port': 2}, {'type': 'ETH_DST', 'mac': '3E:EB:5D:BE:02:2F'}, {'type': 'ETH_SRC', 'mac': 'DE:FD:B2:11:A4:D0'}]}"
48976646214326084,0,org.onosproject.fwd,0,10,10,False,of:0000000000000007,ADDED,1017729,20389717214,894820025275628,UNKNOWN,1721044110651,"{'instructions': [{'type': 'OUTPUT', 'port': '2'}], 'deferred': []}","{'criteria': [{'type': 'IN_PORT', 'port': 1}, {'type': 'ETH_DST', 'mac': 'DE:FD:B2:11:A4:D0'}, {'type': 'ETH_SRC', 'mac': 'B2:09:47:B5:93:9C'}]}"
281475000925130,0,org.onosproject.core,0,40000,0,True,of:0000000000000007,ADDED,1026699,1324763,185135630,UNKNOWN,1721044110651,"{'instructions': [{'type': 'OUTPUT', 'port': 'CONTROLLER'}], 'clearDeferred': True, 'deferred': []}","{'criteria': [{'type': 'ETH_TYPE', 'ethType': '0x88cc'}]}"
281476350262333,0,org.onosproject.core,0,40000,0,True,of:0000000000000007,ADDED,1026699,1324763,185135630,UNKNOWN,1721044110651,"{'instructions': [{'type': 'OUTPUT', 'port': 'CONTROLLER'}], 'clearDeferred': True, 'deferred': []}","{'criteria': [{'type': 'ETH_TYPE', 'ethType': '0x8942'}]}"
48976645977575275,0,org.onosproject.fwd,0,10,10,False,of:0000000000000007,ADDED,1017729,20012521363,1320826468870,UNKNOWN,1721044110651,"{'instructions': [{'type': 'OUTPUT', 'port': '1'}], 'deferred': []}","{'criteria': [{'type': 'IN_PORT', 'port': 2}, {'type': 'ETH_DST', 'mac': 'B2:09:47:B5:93:9C'}, {'type': 'ETH_SRC', 'mac': 'DE:FD:B2:11:A4:D0'}]}"
281476059291414,0,org.onosproject.core,0,40000,0,True,of:0000000000000008,ADDED,1026700,124112,5212704,UNKNOWN,1721044110307,"{'instructions': [{'type': 'OUTPUT', 'port': 'CONTROLLER'}], 'clearDeferred': True, 'deferred': []}","{'criteria': [{'type': 'ETH_TYPE', 'ethType': '0x806'}]}"
281476010895837,0,org.onosproject.core,0,5,0,True,of:0000000000000008,ADDED,1026700,9237,1519626,UNKNOWN,1721044110307,"{'instructions': [{'type': 'OUTPUT', 'port': 'CONTROLLER'}], 'clearDeferred': True, 'deferred': []}","{'criteria': [{'type': 'ETH_TYPE', 'ethType': '0x800'}]}"
48976649774245364,0,org.onosproject.fwd,0,10,10,False,of:0000000000000008,ADDED,1017740,19992428083,1319500303402,UNKNOWN,1721044110307,"{'instructions': [{'type': 'OUTPUT', 'port': '1'}], 'deferred': []}","{'criteria': [{'type': 'IN_PORT', 'port': 4}, {'type': 'ETH_DST', 'mac': '72:BF:6A:7E:B7:16'}, {'type': 'ETH_SRC', 'mac': 'F2:DE:97:D9:4A:FB'}]}"
48976647102225661,0,org.onosproject.fwd,0,10,10,False,of:0000000000000008,ADDED,1026007,20514321547,899873376331386,UNKNOWN,1721044110307,"{'instructions': [{'type': 'OUTPUT', 'port': '4'}], 'deferred': []}","{'criteria': [{'type': 'IN_PORT', 'port': 1}, {'type': 'ETH_DST', 'mac': 'F2:DE:97:D9:4A:FB'}, {'type': 'ETH_SRC', 'mac': '72:BF:6A:7E:B7:16'}]}"
281476101349656,0,org.onosproject.core,0,40000,0,True,of:0000000000000008,ADDED,1026700,1324764,185135768,UNKNOWN,1721044110307,"{'instructions': [{'type': 'OUTPUT', 'port': 'CONTROLLER'}], 'clearDeferred': True, 'deferred': []}","{'criteria': [{'type': 'ETH_TYPE', 'ethType': '0x88cc'}]}"
281476270708671,0,org.onosproject.core,0,40000,0,True,of:0000000000000008,ADDED,1026700,1324764,185135768,UNKNOWN,1721044110307,"{'instructions': [{'type': 'OUTPUT', 'port': 'CONTROLLER'}], 'clearDeferred': True, 'deferred': []}","{'criteria': [{'type': 'ETH_TYPE', 'ethType': '0x8942'}]}"
48976649558216993,0,org.onosproject.fwd,0,10,10,False,of:0000000000000008,ADDED,1017777,20296965181,890266486045498,UNKNOWN,1721044110307,"{'instructions': [{'type': 'OUTPUT', 'port': '3'}], 'deferred': []}","{'criteria': [{'type': 'IN_PORT', 'port': 1}, {'type': 'ETH_DST', 'mac': 'D2:CE:A0:26:A9:A6'}, {'type': 'ETH_SRC', 'mac': '56:E0:0E:FF:A8:BA'}]}"
48976648029753454,0,org.onosproject.fwd,0,10,10,False,of:0000000000000008,ADDED,1017754,19961093823,1317432246334,UNKNOWN,1721044110307,"{'instructions': [{'type': 'OUTPUT', 'port': '1'}], 'deferred': []}","{'criteria': [{'type': 'IN_PORT', 'port': 3}, {'type': 'ETH_DST', 'mac': '56:E0:0E:FF:A8:BA'}, {'type': 'ETH_SRC', 'mac': 'D2:CE:A0:26:A9:A6'}]}"
281475117841124,0,org.onosproject.core,0,5,0,True,of:0000000000000005,ADDED,1026700,9163,13145658,UNKNOWN,1721044110335,"{'instructions': [{'type': 'OUTPUT', 'port': 'CONTROLLER'}], 'clearDeferred': True, 'deferred': []}","{'criteria': [{'type': 'ETH_TYPE', 'ethType': '0x800'}]}"
48976647954897712,0,org.onosproject.fwd,0,10,10,False,of:0000000000000005,ADDED,1017723,23381386913,1543171586146,UNKNOWN,1721044110335,"{'instructions': [{'type': 'OUTPUT', 'port': '2'}], 'deferred': []}","{'criteria': [{'type': 'IN_PORT', 'port': 1}, {'type': 'ETH_DST', 'mac': 'EE:84:7E:2D:3E:77'}, {'type': 'ETH_SRC', 'mac': '8A:03:2F:AC:82:94'}]}"
48976649776603039,0,org.onosproject.fwd,0,10,10,False,of:0000000000000005,ADDED,1017738,21480176579,942549949535102,UNKNOWN,1721044110335,"{'instructions': [{'type': 'OUTPUT', 'port': '1'}], 'deferred': []}","{'criteria': [{'type': 'IN_PORT', 'port': 2}, {'type': 'ETH_DST', 'mac': 'E6:63:BC:8D:F0:97'}, {'type': 'ETH_SRC', 'mac': 'EE:84:7E:2D:3E:77'}]}"
48976646418379729,0,org.onosproject.fwd,0,10,10,False,of:0000000000000005,ADDED,1017717,23982840144,1054150445361024,UNKNOWN,1721044110335,"{'instructions': [{'type': 'OUTPUT', 'port': '1'}], 'deferred': []}","{'criteria': [{'type': 'IN_PORT', 'port': 2}, {'type': 'ETH_DST', 'mac': '86:68:8E:BA:19:1C'}, {'type': 'ETH_SRC', 'mac': 'EE:84:7E:2D:3E:77'}]}"
48976650220198046,0,org.onosproject.fwd,0,10,10,False,of:0000000000000005,ADDED,1017717,23359312379,1541714670382,UNKNOWN,1721044110335,"{'instructions': [{'type': 'OUTPUT', 'port': '2'}], 'deferred': []}","{'criteria': [{'type': 'IN_PORT', 'port': 1}, {'type': 'ETH_DST', 'mac': 'EE:84:7E:2D:3E:77'}, {'type': 'ETH_SRC', 'mac': '86:68:8E:BA:19:1C'}]}"
48976646886462636,0,org.onosproject.fwd,0,10,10,False,of:0000000000000005,ADDED,1017756,21084668126,1391588151520,UNKNOWN,1721044110335,"{'instructions': [{'type': 'OUTPUT', 'port': '2'}], 'deferred': []}","{'criteria': [{'type': 'IN_PORT', 'port': 1}, {'type': 'ETH_DST', 'mac': 'EE:84:7E:2D:3E:77'}, {'type': 'ETH_SRC', 'mac': 'E6:63:BC:8D:F0:97'}]}"
48976648329071284,0,org.onosproject.fwd,0,10,10,False,of:0000000000000005,ADDED,1017707,23806776481,1045151561448354,UNKNOWN,1721044110335,"{'instructions': [{'type': 'OUTPUT', 'port': '1'}], 'deferred': []}","{'criteria': [{'type': 'IN_PORT', 'port': 3}, {'type': 'ETH_DST', 'mac': '62:91:09:33:42:56'}, {'type': 'ETH_SRC', 'mac': '4E:94:B0:9C:B2:4A'}]}"
48976647452718914,0,org.onosproject.fwd,0,10,10,False,of:0000000000000005,ADDED,1017741,23342176733,1540583711278,UNKNOWN,1721044110335,"{'instructions': [{'type': 'OUTPUT', 'port': '1'}], 'deferred': []}","{'criteria': [{'type': 'IN_PORT', 'port': 3}, {'type': 'ETH_DST', 'mac': '3E:87:C3:2D:C4:01'}, {'type': 'ETH_SRC', 'mac': 'F2:33:E3:A3:AA:A0'}]}"
281478979269874,0,org.onosproject.core,0,40000,0,True,of:0000000000000005,ADDED,1026700,1324766,184804857,UNKNOWN,1721044110335,"{'instructions': [{'type': 'OUTPUT', 'port': 'CONTROLLER'}], 'clearDeferred': True, 'deferred': []}","{'criteria': [{'type': 'ETH_TYPE', 'ethType': '0x88cc'}]}"
48976649436651629,0,org.onosproject.fwd,0,10,10,False,of:0000000000000005,ADDED,1017781,23883750380,1048911339974632,UNKNOWN,1721044110335,"{'instructions': [{'type': 'OUTPUT', 'port': '3'}], 'deferred': []}","{'criteria': [{'type': 'IN_PORT', 'port': 1}, {'type': 'ETH_DST', 'mac': 'F2:33:E3:A3:AA:A0'}, {'type': 'ETH_SRC', 'mac': '3E:87:C3:2D:C4:01'}]}"
281478762460478,0,org.onosproject.core,0,40000,0,True,of:0000000000000005,ADDED,1026700,542140,22769880,UNKNOWN,1721044110335,"{'instructions': [{'type': 'OUTPUT', 'port': 'CONTROLLER'}], 'clearDeferred': True, 'deferred': []}","{'criteria': [{'type': 'ETH_TYPE', 'ethType': '0x806'}]}"
48976647320273669,0,org.onosproject.fwd,0,10,10,False,of:0000000000000005,ADDED,1017707,23300267480,1537817704312,UNKNOWN,1721044110335,"{'instructions': [{'type': 'OUTPUT', 'port': '3'}], 'deferred': []}","{'criteria': [{'type': 'IN_PORT', 'port': 1}, {'type': 'ETH_DST', 'mac': '4E:94:B0:9C:B2:4A'}, {'type': 'ETH_SRC', 'mac': '62:91:09:33:42:56'}]}"
48976647602955345,0,org.onosproject.fwd,0,10,10,False,of:0000000000000005,ADDED,1017729,20012521362,1320826468804,UNKNOWN,1721044110335,"{'instructions': [{'type': 'OUTPUT', 'port': '4'}], 'deferred': []}","{'criteria': [{'type': 'IN_PORT', 'port': 1}, {'type': 'ETH_DST', 'mac': 'B2:09:47:B5:93:9C'}, {'type': 'ETH_SRC', 'mac': 'DE:FD:B2:11:A4:D0'}]}"
48976649127239109,0,org.onosproject.fwd,0,10,10,False,of:0000000000000005,ADDED,1017723,23829917570,1046356618801836,UNKNOWN,1721044110335,"{'instructions': [{'type': 'OUTPUT', 'port': '1'}], 'deferred': []}","{'criteria': [{'type': 'IN_PORT', 'port': 3}, {'type': 'ETH_DST', 'mac': '0E:EE:17:FD:72:37'}, {'type': 'ETH_SRC', 'mac': '4E:94:B0:9C:B2:4A'}]}"
48976646950637618,0,org.onosproject.fwd,0,10,10,False,of:0000000000000005,ADDED,1017723,23309592619,1538433172690,UNKNOWN,1721044110335,"{'instructions': [{'type': 'OUTPUT', 'port': '3'}], 'deferred': []}","{'criteria': [{'type': 'IN_PORT', 'port': 1}, {'type': 'ETH_DST', 'mac': '4E:94:B0:9C:B2:4A'}, {'type': 'ETH_SRC', 'mac': '0E:EE:17:FD:72:37'}]}"
281478211273411,0,org.onosproject.core,0,40000,0,True,of:0000000000000005,ADDED,1026700,1324766,184804857,UNKNOWN,1721044110335,"{'instructions': [{'type': 'OUTPUT', 'port': 'CONTROLLER'}], 'clearDeferred': True, 'deferred': []}","{'criteria': [{'type': 'ETH_TYPE', 'ethType': '0x8942'}]}"
48976645973153820,0,org.onosproject.fwd,0,10,10,False,of:0000000000000005,ADDED,1017723,23867532559,1047528707030590,UNKNOWN,1721044110335,"{'instructions': [{'type': 'OUTPUT', 'port': '1'}], 'deferred': []}","{'criteria': [{'type': 'IN_PORT', 'port': 2}, {'type': 'ETH_DST', 'mac': '8A:03:2F:AC:82:94'}, {'type': 'ETH_SRC', 'mac': 'EE:84:7E:2D:3E:77'}]}"
48976649021634154,0,org.onosproject.fwd,0,10,10,False,of:0000000000000005,ADDED,1017764,24760023576,1634161610552,UNKNOWN,1721044110335,"{'instructions': [{'type': 'OUTPUT', 'port': '2'}], 'deferred': []}","{'criteria': [{'type': 'IN_PORT', 'port': 4}, {'type': 'ETH_DST', 'mac': 'EE:84:7E:2D:3E:77'}, {'type': 'ETH_SRC', 'mac': 'D2:26:1F:37:09:A9'}]}"
48976648098256253,0,org.onosproject.fwd,0,10,10,False,of:0000000000000005,ADDED,1025574,25627128867,1126336813177562,UNKNOWN,1721044110335,"{'instructions': [{'type': 'OUTPUT', 'port': '4'}], 'deferred': []}","{'criteria': [{'type': 'IN_PORT', 'port': 2}, {'type': 'ETH_DST', 'mac': 'D2:26:1F:37:09:A9'}, {'type': 'ETH_SRC', 'mac': 'EE:84:7E:2D:3E:77'}]}"
48976647498887108,0,org.onosproject.fwd,0,10,10,False,of:0000000000000005,ADDED,1017741,23294955612,1537467121164,UNKNOWN,1721044110335,"{'instructions': [{'type': 'OUTPUT', 'port': '1'}], 'deferred': []}","{'criteria': [{'type': 'IN_PORT', 'port': 2}, {'type': 'ETH_DST', 'mac': '6E:DA:5A:12:17:DE'}, {'type': 'ETH_SRC', 'mac': 'EE:52:9D:74:5F:2E'}]}"
48976648806965475,0,org.onosproject.fwd,0,10,10,False,of:0000000000000005,ADDED,1017756,23840254299,1047043281717750,UNKNOWN,1721044110335,"{'instructions': [{'type': 'OUTPUT', 'port': '2'}], 'deferred': []}","{'criteria': [{'type': 'IN_PORT', 'port': 1}, {'type': 'ETH_DST', 'mac': 'EE:52:9D:74:5F:2E'}, {'type': 'ETH_SRC', 'mac': '6E:DA:5A:12:17:DE'}]}"
48976647028317600,0,org.onosproject.fwd,0,10,10,False,of:0000000000000005,ADDED,1017729,20389717213,894820025210402,UNKNOWN,1721044110335,"{'instructions': [{'type': 'OUTPUT', 'port': '1'}], 'deferred': []}","{'criteria': [{'type': 'IN_PORT', 'port': 4}, {'type': 'ETH_DST', 'mac': 'DE:FD:B2:11:A4:D0'}, {'type': 'ETH_SRC', 'mac': 'B2:09:47:B5:93:9C'}]}"
281476381430156,0,org.onosproject.core,0,40000,0,True,of:0000000000000027,ADDED,1026699,331190,46035410,UNKNOWN,1721044111097,"{'instructions': [{'type': 'OUTPUT', 'port': 'CONTROLLER'}], 'clearDeferred': True, 'deferred': []}","{'criteria': [{'type': 'ETH_TYPE', 'ethType': '0x8942'}]}"
281475549643265,0,org.onosproject.core,0,5,0,True,of:0000000000000027,ADDED,1026699,5861,1269154,UNKNOWN,1721044111096,"{'instructions': [{'type': 'OUTPUT', 'port': 'CONTROLLER'}], 'clearDeferred': True, 'deferred': []}","{'criteria': [{'type': 'ETH_TYPE', 'ethType': '0x800'}]}"
281478240750341,0,org.onosproject.core,0,40000,0,True,of:0000000000000027,ADDED,1026699,3112,130704,UNKNOWN,1721044111097,"{'instructions': [{'type': 'OUTPUT', 'port': 'CONTROLLER'}], 'clearDeferred': True, 'deferred': []}","{'criteria': [{'type': 'ETH_TYPE', 'ethType': '0x806'}]}"
281478207123007,0,org.onosproject.core,0,40000,0,True,of:0000000000000027,ADDED,1026699,331190,46035410,UNKNOWN,1721044111097,"{'instructions': [{'type': 'OUTPUT', 'port': 'CONTROLLER'}], 'clearDeferred': True, 'deferred': []}","{'criteria': [{'type': 'ETH_TYPE', 'ethType': '0x88cc'}]}"
281478293120181,0,org.onosproject.core,0,40000,0,True,of:0000000000000028,ADDED,1026700,331190,46035410,UNKNOWN,1721044110391,"{'instructions': [{'type': 'OUTPUT', 'port': 'CONTROLLER'}], 'clearDeferred': True, 'deferred': []}","{'criteria': [{'type': 'ETH_TYPE', 'ethType': '0x8942'}]}"
281475035788292,0,org.onosproject.core,0,5,0,True,of:0000000000000028,ADDED,1026700,5861,1269154,UNKNOWN,1721044110391,"{'instructions': [{'type': 'OUTPUT', 'port': 'CONTROLLER'}], 'clearDeferred': True, 'deferred': []}","{'criteria': [{'type': 'ETH_TYPE', 'ethType': '0x800'}]}"
281476991775860,0,org.onosproject.core,0,40000,0,True,of:0000000000000028,ADDED,1026700,3066,128772,UNKNOWN,1721044110391,"{'instructions': [{'type': 'OUTPUT', 'port': 'CONTROLLER'}], 'clearDeferred': True, 'deferred': []}","{'criteria': [{'type': 'ETH_TYPE', 'ethType': '0x806'}]}"
281476335729938,0,org.onosproject.core,0,40000,0,True,of:0000000000000028,ADDED,1026700,331190,46035410,UNKNOWN,1721044110391,"{'instructions': [{'type': 'OUTPUT', 'port': 'CONTROLLER'}], 'clearDeferred': True, 'deferred': []}","{'criteria': [{'type': 'ETH_TYPE', 'ethType': '0x88cc'}]}"
48976649879458328,0,org.onosproject.fwd,0,10,10,False,of:0000000000000006,ADDED,1017768,22660487979,994401007092326,UNKNOWN,1721044110543,"{'instructions': [{'type': 'OUTPUT', 'port': '1'}], 'deferred': []}","{'criteria': [{'type': 'IN_PORT', 'port': 2}, {'type': 'ETH_DST', 'mac': '86:D2:30:F0:AC:53'}, {'type': 'ETH_SRC', 'mac': '9E:5F:10:59:C1:E8'}]}"
48976647912440349,0,org.onosproject.fwd,0,10,10,False,of:0000000000000006,ADDED,1025500,22391595673,1477845388718,UNKNOWN,1721044110543,"{'instructions': [{'type': 'OUTPUT', 'port': '2'}], 'deferred': []}","{'criteria': [{'type': 'IN_PORT', 'port': 1}, {'type': 'ETH_DST', 'mac': '9E:5F:10:59:C1:E8'}, {'type': 'ETH_SRC', 'mac': '86:D2:30:F0:AC:53'}]}"
48976650010602291,0,org.onosproject.fwd,0,10,10,False,of:0000000000000006,ADDED,1017740,21084661702,1391587724812,UNKNOWN,1721044110543,"{'instructions': [{'type': 'OUTPUT', 'port': '1'}], 'deferred': []}","{'criteria': [{'type': 'IN_PORT', 'port': 2}, {'type': 'ETH_DST', 'mac': 'EE:84:7E:2D:3E:77'}, {'type': 'ETH_SRC', 'mac': 'E6:63:BC:8D:F0:97'}]}"
48976647011055424,0,org.onosproject.fwd,0,10,10,False,of:0000000000000006,ADDED,1017769,21338443211,935889111771686,UNKNOWN,1721044110543,"{'instructions': [{'type': 'OUTPUT', 'port': '1'}], 'deferred': []}","{'criteria': [{'type': 'IN_PORT', 'port': 3}, {'type': 'ETH_DST', 'mac': '42:80:23:53:79:6A'}, {'type': 'ETH_SRC', 'mac': 'C6:7E:3A:75:14:E0'}]}"
281478888449605,0,org.onosproject.core,0,5,0,True,of:0000000000000006,ADDED,1026699,9862,36125112,UNKNOWN,1721044110543,"{'instructions': [{'type': 'OUTPUT', 'port': 'CONTROLLER'}], 'clearDeferred': True, 'deferred': []}","{'criteria': [{'type': 'ETH_TYPE', 'ethType': '0x800'}]}"
48976649607584241,0,org.onosproject.fwd,0,10,10,False,of:0000000000000006,ADDED,1025586,21644776561,949777967666014,UNKNOWN,1721044110543,"{'instructions': [{'type': 'OUTPUT', 'port': '2'}], 'deferred': []}","{'criteria': [{'type': 'IN_PORT', 'port': 1}, {'type': 'ETH_DST', 'mac': 'E6:63:BC:8D:F0:97'}, {'type': 'ETH_SRC', 'mac': 'EE:84:7E:2D:3E:77'}]}"
48976648013614772,0,org.onosproject.fwd,0,10,10,False,of:0000000000000006,ADDED,1017783,20981649741,1384788966978,UNKNOWN,1721044110543,"{'instructions': [{'type': 'OUTPUT', 'port': '3'}], 'deferred': []}","{'criteria': [{'type': 'IN_PORT', 'port': 1}, {'type': 'ETH_DST', 'mac': 'C6:7E:3A:75:14:E0'}, {'type': 'ETH_SRC', 'mac': '42:80:23:53:79:6A'}]}"
281475738574217,0,org.onosproject.core,0,40000,0,True,of:0000000000000006,ADDED,1026699,1324764,185135769,UNKNOWN,1721044110543,"{'instructions': [{'type': 'OUTPUT', 'port': 'CONTROLLER'}], 'clearDeferred': True, 'deferred': []}","{'criteria': [{'type': 'ETH_TYPE', 'ethType': '0x88cc'}]}"
48976649106832823,0,org.onosproject.fwd,0,10,10,False,of:0000000000000006,ADDED,1017779,22523616412,988200133923488,UNKNOWN,1721044110543,"{'instructions': [{'type': 'OUTPUT', 'port': '3'}], 'deferred': []}","{'criteria': [{'type': 'IN_PORT', 'port': 1}, {'type': 'ETH_DST', 'mac': '6E:D2:0F:A9:3B:95'}, {'type': 'ETH_SRC', 'mac': '76:0D:5F:32:84:45'}]}"
48976646775581521,0,org.onosproject.fwd,0,10,10,False,of:0000000000000006,ADDED,1017740,22108041066,1459130759616,UNKNOWN,1721044110543,"{'instructions': [{'type': 'OUTPUT', 'port': '1'}], 'deferred': []}","{'criteria': [{'type': 'IN_PORT', 'port': 3}, {'type': 'ETH_DST', 'mac': '76:0D:5F:32:84:45'}, {'type': 'ETH_SRC', 'mac': '6E:D2:0F:A9:3B:95'}]}"
281476873293724,0,org.onosproject.core,0,40000,0,True,of:0000000000000006,ADDED,1026699,1324764,185135769,UNKNOWN,1721044110543,"{'instructions': [{'type': 'OUTPUT', 'port': 'CONTROLLER'}], 'clearDeferred': True, 'deferred': []}","{'criteria': [{'type': 'ETH_TYPE', 'ethType': '0x8942'}]}"
281475411377083,0,org.onosproject.core,0,40000,0,True,of:0000000000000006,ADDED,1026699,243412,10223304,UNKNOWN,1721044110543,"{'instructions': [{'type': 'OUTPUT', 'port': 'CONTROLLER'}], 'clearDeferred': True, 'deferred': []}","{'criteria': [{'type': 'ETH_TYPE', 'ethType': '0x806'}]}"
281479019932926,0,org.onosproject.core,0,40000,0,True,of:0000000000000009,ADDED,1026700,301548,12665016,UNKNOWN,1721044110394,"{'instructions': [{'type': 'OUTPUT', 'port': 'CONTROLLER'}], 'clearDeferred': True, 'deferred': []}","{'criteria': [{'type': 'ETH_TYPE', 'ethType': '0x806'}]}"
281478887649794,0,org.onosproject.core,0,40000,0,True,of:0000000000000009,ADDED,1026700,331191,46035549,UNKNOWN,1721044110394,"{'instructions': [{'type': 'OUTPUT', 'port': 'CONTROLLER'}], 'clearDeferred': True, 'deferred': []}","{'criteria': [{'type': 'ETH_TYPE', 'ethType': '0x88cc'}]}"
48976649364580130,0,org.onosproject.fwd,0,10,10,False,of:0000000000000009,ADDED,1025980,24053310301,1056447844727854,UNKNOWN,1721044110394,"{'instructions': [{'type': 'OUTPUT', 'port': '3'}], 'deferred': []}","{'criteria': [{'type': 'IN_PORT', 'port': 1}, {'type': 'ETH_DST', 'mac': 'EE:52:9D:74:5F:2E'}, {'type': 'ETH_SRC', 'mac': '6E:DA:5A:12:17:DE'}]}"
48976648214398765,0,org.onosproject.fwd,0,10,10,False,of:0000000000000009,ADDED,1017740,23294955556,1537467116348,UNKNOWN,1721044110394,"{'instructions': [{'type': 'OUTPUT', 'port': '1'}], 'deferred': []}","{'criteria': [{'type': 'IN_PORT', 'port': 3}, {'type': 'ETH_DST', 'mac': '6E:DA:5A:12:17:DE'}, {'type': 'ETH_SRC', 'mac': 'EE:52:9D:74:5F:2E'}]}"
48976649704130817,0,org.onosproject.fwd,0,10,10,False,of:0000000000000009,ADDED,1017738,21480176583,942549949667190,UNKNOWN,1721044110394,"{'instructions': [{'type': 'OUTPUT', 'port': '1'}], 'deferred': []}","{'criteria': [{'type': 'IN_PORT', 'port': 2}, {'type': 'ETH_DST', 'mac': 'E6:63:BC:8D:F0:97'}, {'type': 'ETH_SRC', 'mac': 'EE:84:7E:2D:3E:77'}]}"
48976648833927445,0,org.onosproject.fwd,0,10,10,False,of:0000000000000009,ADDED,1017717,23982840147,1054150445492294,UNKNOWN,1721044110394,"{'instructions': [{'type': 'OUTPUT', 'port': '1'}], 'deferred': []}","{'criteria': [{'type': 'IN_PORT', 'port': 2}, {'type': 'ETH_DST', 'mac': '86:68:8E:BA:19:1C'}, {'type': 'ETH_SRC', 'mac': 'EE:84:7E:2D:3E:77'}]}"
48976646476335410,0,org.onosproject.fwd,0,10,10,False,of:0000000000000009,ADDED,1017753,25432683116,1117784256482896,UNKNOWN,1721044110394,"{'instructions': [{'type': 'OUTPUT', 'port': '1'}], 'deferred': []}","{'criteria': [{'type': 'IN_PORT', 'port': 2}, {'type': 'ETH_DST', 'mac': 'D2:26:1F:37:09:A9'}, {'type': 'ETH_SRC', 'mac': 'EE:84:7E:2D:3E:77'}]}"
281476295891648,0,org.onosproject.core,0,40000,0,True,of:0000000000000009,ADDED,1026700,331191,46035549,UNKNOWN,1721044110394,"{'instructions': [{'type': 'OUTPUT', 'port': 'CONTROLLER'}], 'clearDeferred': True, 'deferred': []}","{'criteria': [{'type': 'ETH_TYPE', 'ethType': '0x8942'}]}"
48976646178746651,0,org.onosproject.fwd,0,10,10,False,of:0000000000000009,ADDED,1025585,21243636916,1402080138764,UNKNOWN,1721044110394,"{'instructions': [{'type': 'OUTPUT', 'port': '2'}], 'deferred': []}","{'criteria': [{'type': 'IN_PORT', 'port': 1}, {'type': 'ETH_DST', 'mac': 'EE:84:7E:2D:3E:77'}, {'type': 'ETH_SRC', 'mac': 'E6:63:BC:8D:F0:97'}]}"
48976647852780439,0,org.onosproject.fwd,0,10,10,False,of:0000000000000009,ADDED,1017717,23359312381,1541714670514,UNKNOWN,1721044110394,"{'instructions': [{'type': 'OUTPUT', 'port': '2'}], 'deferred': []}","{'criteria': [{'type': 'IN_PORT', 'port': 1}, {'type': 'ETH_DST', 'mac': 'EE:84:7E:2D:3E:77'}, {'type': 'ETH_SRC', 'mac': '86:68:8E:BA:19:1C'}]}"
48976647691615900,0,org.onosproject.fwd,0,10,10,False,of:0000000000000009,ADDED,1017723,23381386913,1543171586146,UNKNOWN,1721044110394,"{'instructions': [{'type': 'OUTPUT', 'port': '2'}], 'deferred': []}","{'criteria': [{'type': 'IN_PORT', 'port': 1}, {'type': 'ETH_DST', 'mac': 'EE:84:7E:2D:3E:77'}, {'type': 'ETH_SRC', 'mac': '8A:03:2F:AC:82:94'}]}"
48976649751806194,0,org.onosproject.fwd,0,10,10,False,of:0000000000000009,ADDED,1017723,23867532560,1047528707031408,UNKNOWN,1721044110394,"{'instructions': [{'type': 'OUTPUT', 'port': '1'}], 'deferred': []}","{'criteria': [{'type': 'IN_PORT', 'port': 2}, {'type': 'ETH_DST', 'mac': '8A:03:2F:AC:82:94'}, {'type': 'ETH_SRC', 'mac': 'EE:84:7E:2D:3E:77'}]}"
48976647885672089,0,org.onosproject.fwd,0,10,10,False,of:0000000000000009,ADDED,1025574,24948083687,1646573595394,UNKNOWN,1721044110394,"{'instructions': [{'type': 'OUTPUT', 'port': '2'}], 'deferred': []}","{'criteria': [{'type': 'IN_PORT', 'port': 1}, {'type': 'ETH_DST', 'mac': 'EE:84:7E:2D:3E:77'}, {'type': 'ETH_SRC', 'mac': 'D2:26:1F:37:09:A9'}]}"
281474993990194,0,org.onosproject.core,0,5,0,True,of:0000000000000009,ADDED,1026700,6940,64712372,UNKNOWN,1721044110394,"{'instructions': [{'type': 'OUTPUT', 'port': 'CONTROLLER'}], 'clearDeferred': True, 'deferred': []}","{'criteria': [{'type': 'ETH_TYPE', 'ethType': '0x800'}]}"
